"CChny_HanyouUniqueKey","CChny_HanyouCodeKey","CChny_Sort","CChny_HanyouCodeValue","CChny_HanyouCodeNaiyou","CChny_HanyouCodeSetumei"
"0100","CASTER",1,"1","食料品","製造業／食料品"
"0200","CASTER",2,"2","繊維品","製造業／繊維品"
"0300","CASTER",3,"3","木材・木製品","製造業／木材・木製品"
"0400","CASTER",4,"4","パルプ・紙加工品等","製造業／パルプ・紙・紙加工品"
"0500","CASTER",5,"5","製造/出版・印刷関連","製造業／出版・印刷・同関連"
"0600","CASTER",6,"6","製造/有機工業","製造業／有機工業"
"0700","CASTER",7,"7","製造/他化学工業","製造業／その他の化学工業"
"0900","CASTER",8,"8","製造/石油精製","製造業／石油精製"
"1000","CASTER",9,"9","製造/窯業・土石製品","製造業／窯業・土石製品"
"1100","CASTER",10,"10","製造/鉄鋼","製造業／鉄鋼"
"1200","CASTER",11,"11","製造/非鉄金属","製造業／非鉄金属"
"1300","CASTER",12,"12","製造/金属製品","製造業／金属製品"
"1400","CASTER",13,"13","製造/一般機械機具","製造業／一般機械機具"
"1500","CASTER",14,"14","製造/電気機械機具","製造業／電気機械機具"
"1600","CASTER",15,"15","製造/自動車 同付属品","製造業／自動車・同付属品"
"1700","CASTER",16,"16","製造/船舶その他","製造業／船舶その他"
"1900","CASTER",17,"17","製造/精密機械機具","製造業／精密機械機具"
"2000","CASTER",18,"18","製造/その他","製造業／その他"
"2200","CASTER",19,"19","農業","農業"
"2300","CASTER",20,"20","林業","林業"
"2400","CASTER",21,"21","漁業・水産養殖業","漁業・水産養殖業"
"2500","CASTER",22,"22","鉱業","鉱業"
"2600","CASTER",23,"23","建設業","建設業"
"2700","CASTER",24,"24","電気","電気"
"2800","CASTER",25,"25","ガス・熱供給・水道業","ガス・熱供給・水道業"
"2GYOSYU000000","2GYOSYU",1,"000000","業種コード２ダミー","業種コード２ダミー"
"3000","CASTER",26,"26","鉄道","鉄道"
"3100","CASTER",27,"27","道路輸送","道路輸送"
"3200","CASTER",28,"28","水運","水運"
"3300","CASTER",29,"29","その他の運輸業","その他の運輸業"
"3500","CASTER",30,"30","卸売業/各種商品","卸売業／各種商品"
"3600","CASTER",31,"31","卸売業/繊維品","卸売業／繊維品"
"3700","CASTER",32,"32","卸売業/鉱物 金属材料","卸売業／鉱物・金属材料"
"3800","CASTER",33,"33","卸売業/機械機具","卸売業／機械機具"
"3900","CASTER",34,"34","卸売業/その他","卸売業／その他"
"3GYOSYU000000","3GYOSYU",1,"000000","業種コード３ダミー","業種コード３ダミー"
"403","ENTAISYURUI",1,"0","延滞0ヶ月以上","延滞0ヶ月以上"
"404","ENTAISYURUI",2,"3","延滞3ヶ月以上","延滞3ヶ月以上"
"405","ENTAISYURUI",3,"6","延滞6ヶ月以上","延滞6ヶ月以上"
"4100","CASTER",35,"35","小売業/百貨店","小売業／百貨店"
"4200","CASTER",36,"36","小売業/その他","小売業／その他"
"4400","CASTER",37,"37","飲食業","飲食業"
"4601","CASTER",38,"38","証券会社","証券会社"
"4602","CASTER",39,"39","その他の証券会社","その他の証券会社"
"4700","CASTER",40,"40","保険","保険"
"4711","CASTER",41,"41","生命保険会社","生命保険会社"
"4712","CASTER",42,"42","損害保険会社","損害保険会社"
"4713","CASTER",43,"43","各種組合共済","各種組合共済"
"4714","CASTER",44,"44","保険代理店","保険代理店"
"4800","CASTER",45,"45","その他の金融業","その他の金融業"
"4821","CASTER",46,"46","都市銀行","都市銀行"
"4822","CASTER",47,"47","地方銀行","地方銀行"
"4823","CASTER",48,"48","長期信用銀行","長期信用銀行"
"4824","CASTER",49,"49","信託銀行","信託銀行"
"4825","CASTER",50,"50","外国為替銀行","外国為替銀行"
"4826","CASTER",51,"51","在日外国銀行","在日外国銀行"
"4827","CASTER",52,"52","相互銀行","相互銀行"
"4828","CASTER",53,"53","信用金庫","信用金庫"
"4829","CASTER",54,"54","全信連","全信連"
"4830","CASTER",55,"55","信用協同組合","信用協同組合"
"4831","CASTER",56,"56","全信協","全信協"
"4832","CASTER",57,"57","労働金庫","労働金庫"
"4833","CASTER",58,"58","労金連","労金連"
"4834","CASTER",59,"59","農協","農協"
"4835","CASTER",60,"60","信農連","信農連"
"4836","CASTER",61,"61","漁協","漁協"
"4837","CASTER",62,"62","信魚連","信魚連"
"4838","CASTER",63,"63","農林中央金庫","農林中央金庫"
"4839","CASTER",64,"64","商工組合中央金庫","商工組合中央金庫"
"4840","CASTER",65,"65","日本銀行","日本銀行"
"4855","CASTER",66,"66","短資業者","短資業者"
"4856","CASTER",67,"67","手形交換所","手形交換所"
"4860","CASTER",68,"68","信用保証協会","信用保証協会"
"4862","CASTER",69,"69","その他金融業","その他金融業"
"4870","CASTER",70,"70","預金保険機構","預金保険機構"
"5000","CASTER",71,"71","不動産業","不動産業"
"5001","CASTER",72,"72","不動産賃貸業","不動産賃貸業"
"5100","CASTER",73,"73","サービス/物品賃貸業","サービス業／物品賃貸業"
"5200","CASTER",74,"74","サービス/旅館","サービス業／旅館"
"5300","CASTER",75,"75","サービス/娯楽・映画","サービス業／娯楽・映画"
"5400","CASTER",76,"76","サービス/広告","サービス業／広告"
"5500","CASTER",77,"77","サービス/医療・保健","サービス業／医療・保健衛生"
"5581","CASTER",78,"78","サービス/福祉","サービス業／福祉"
"5600","CASTER",79,"79","サービス/教育","サービス業／教育"
"5661","CASTER",80,"80","私立大学","私立大学"
"5662","CASTER",81,"81","私立高校","私立高校"
"5663","CASTER",82,"82","私立中学","私立中学"
"5664","CASTER",83,"83","私立小学","私立小学"
"5665","CASTER",84,"84","私立幼稚園","私立幼稚園"
"5666","CASTER",85,"85","各種学校","各種学校"
"5667","CASTER",86,"86","その他の教育機関","その他の教育機関"
"5700","CASTER",87,"87","サービス業/その他","サービス業／その他"
"6300","CASTER",88,"88","海外円借款等","海外円借款・国内店名義現地"
"6541","CASTER",89,"89","日本開発銀行","日本開発銀行"
"6542","CASTER",90,"90","日本輸出入銀行","日本輸出入銀行"
"6543","CASTER",91,"91","郵便局","郵便局"
"6544","CASTER",92,"92","国民金融公庫","国民金融公庫"
"6545","CASTER",93,"93","住宅金融公庫","住宅金融公庫"
"6546","CASTER",94,"94","農林漁業公庫","農林漁業公庫"
"6547","CASTER",95,"95","中小企業公庫","中小企業公庫"
"6548","CASTER",96,"96","北海道東北開発公庫","北海道東北開発公庫"
"6549","CASTER",97,"97","公営企業金融公庫","公営企業金融公庫"
"6550","CASTER",98,"98","中小企業信用保険公庫","中小企業信用保険公庫"
"6551","CASTER",99,"99","社会福祉・医療事業団","社会福祉・医療事業団"
"6552","CASTER",100,"100","環境衛生金融公庫","環境衛生金融公庫"
"6553","CASTER",101,"101","沖縄振興開発金融公庫","沖縄振興開発金融公庫"
"6562","CASTER",102,"102","その他金融業","その他金融業"
"6572","CASTER",103,"103","石油公団","石油公団"
"6600","CASTER",104,"104","貸金業・投資業等","貸金業・投資業等"
"6657","CASTER",105,"105","質屋","質屋"
"6659","CASTER",106,"106","証券金融会社","証券金融会社"
"6661","CASTER",107,"107","貸金業者","貸金業者"
"6664","CASTER",108,"108","クレジットカード業","クレジットカード業"
"6665","CASTER",109,"109","割腑金融会社","割腑金融会社"
"6666","CASTER",110,"110","住宅金融会社","住宅金融会社"
"6667","CASTER",111,"111","ファイナンス","ファイナンス"
"6668","CASTER",112,"112","ファクタリング","ファクタリング"
"6669","CASTER",113,"113","抵当証券会社","抵当証券会社"
"6671","CASTER",114,"114","自動車販売金融会社","自動車販売金融会社"
"6700","CASTER",115,"115","不動産関連地方公社等","不動産関連地方公社等向"
"6800","CASTER",116,"116","通信業","通信業"
"6900","CASTER",117,"117","各種団体等","各種団体等"
"7100","CASTER",118,"118","情報通信業","情報通信業"
"7171","CASTER",119,"119","情報通信業/出版","情報通信業／出版"
"7172","CASTER",120,"120","情報通信業/映画","情報通信業／映画"
"7173","CASTER",121,"121","情報通信業/情報","情報通信業／情報サービス"
"7174","CASTER",122,"122","情報通信業/放送","情報通信業／放送"
"9100","CASTER",123,"123","貿易業","貿易業"
"ADMIN","DEFINITION",10,"ADMIN","管理者","ユーザ登録関連で利用"
"Answer","DEFINITION",8,"Answer","電子稟議（回答書）","ユーザ登録関連で利用"
"APPROVALALL","DEFINITION",1,"APPROVALALL","電子稟議","テンプレート取得関連"
"AS_REQUEST","SATEIUSERLEVEL",1,"AS_REQUEST","担当者","（営業店）　担当者"
"AS_UNDERWRITE1","SATEIUSERLEVEL",2,"AS_UNDERWRITE1","検印","（営業店）　検印"
"AS_UNDERWRITE2","SATEIUSERLEVEL",3,"AS_UNDERWRITE2","支店長","（営業店）　支店長"
"AS_UNDERWRITE3","SATEIUSERLEVEL",4,"AS_UNDERWRITE3","１次承認","（与信監査部）　１次承認者　業務役以下"
"AS_UNDERWRITE4","SATEIUSERLEVEL",5,"AS_UNDERWRITE4","２次承認","（与信監査部）　２次承認者　課長・部次長"
"AS_UNDERWRITE5","SATEIUSERLEVEL",5,"AS_UNDERWRITE5","部長","（与信監査部）　最終決裁者　部長"
"ASAIMUSHAKUBUN1","ASAIMUSHAKUBUN",1,"ASEIJYO","みなし正常先","みなし正常先"
"ASAIMUSHAKUBUN2","ASAIMUSHAKUBUN",2,"AYOUTYU","簡易要注意先","簡易要注意先"
"ASAIMUSHAKUBUN4","ASAIMUSHAKUBUN",3,"AHAKE","簡易破綻懸念先","簡易要破綻懸念先"
"ASSESS","DEFINITION",3,"ASSESS","自己査定","テンプレート取得関連、ユーザ登録関連で利用"
"AVAIL_DIV1","AVAIL_DIV",1,"1","本登記","本登記"
"AVAIL_DIV2","AVAIL_DIV",2,"2","仮登記","仮登記"
"AVAIL_DIV3","AVAIL_DIV",3,"3","登記留保","登記留保"
"BENSAINENSU00","BENSAINENSU",1,"10","10","10"
"BENSAINENSU1","BENSAINENSU",2,"20","20","20"
"BUKKENSYURUI01","BUKKENSYURUI",1,"01","土地","土地"
"BUKKENSYURUI02","BUKKENSYURUI",2,"02","建物","建物"
"BUKKENSYURUI03","BUKKENSYURUI",3,"03","土地建物","土地建物"
"BUKKENSYURUI04","BUKKENSYURUI",4,"04","マンション","マンション"
"BUKKENSYURUI99","BUKKENSYURUI",99,"99","その他","その他"
"BUTENKAKU1","BUTENKAKU",1,"EIGYO","営業店","営業店"
"BUTENKAKU2","BUTENKAKU",2,"SINSA","本部","与信監査部"
"BUTENKAKU3","BUTENKAKU",3,"KANSA","監査部門","監査部"
"CTRT_DETAIL1","CTRT_DETAIL",1,"1","保証約定書","保証約定書"
"CTRT_DETAIL2","CTRT_DETAIL",2,"2","担保設定契約証書","担保設定契約証書"
"CTRT_DETAIL3","CTRT_DETAIL",3,"3","その他","その他"
"CUSTOMER","DEFINITION",4,"CUSTOMER","顧客管理","テンプレート取得関連"
"E_CNT_CONTENT01","E_CNT_CONTENT",1,"01","定期","定期"
"E_CNT_CONTENT02","E_CNT_CONTENT",2,"02","新規","新規"
"E_CNT_CONTENT03","E_CNT_CONTENT",3,"03","投信","投信"
"E_CNT_CONTENT04","E_CNT_CONTENT",4,"04","集金","集金"
"E_CNT_CONTENT05","E_CNT_CONTENT",5,"05","その他","その他"
"E_CONTACT_HH06","E_CONTACT_HH",6,"06","06","6時"
"E_CONTACT_HH07","E_CONTACT_HH",7,"07","07","7時"
"E_CONTACT_HH08","E_CONTACT_HH",8,"08","08","8時"
"E_CONTACT_HH09","E_CONTACT_HH",9,"09","09","9時"
"E_CONTACT_HH10","E_CONTACT_HH",10,"10","10","10時"
"E_CONTACT_HH11","E_CONTACT_HH",11,"11","11","11時"
"E_CONTACT_HH12","E_CONTACT_HH",12,"12","12","12時"
"E_CONTACT_HH13","E_CONTACT_HH",13,"13","13","13時"
"E_CONTACT_HH14","E_CONTACT_HH",14,"14","14","14時"
"E_CONTACT_HH15","E_CONTACT_HH",15,"15","15","15時"
"E_CONTACT_HH16","E_CONTACT_HH",16,"16","16","16時"
"E_CONTACT_HH17","E_CONTACT_HH",17,"17","17","17時"
"E_CONTACT_HH18","E_CONTACT_HH",18,"18","18","18時"
"E_CONTACT_HH19","E_CONTACT_HH",19,"19","19","19時"
"E_CONTACT_HH20","E_CONTACT_HH",20,"20","20","20時"
"E_CONTACT_HH21","E_CONTACT_HH",21,"21","21","21時"
"E_CONTACT_HH22","E_CONTACT_HH",22,"22","22","22時"
"E_CONTACT_HH23","E_CONTACT_HH",23,"23","23","23時"
"E_CONTACT_MM00","E_CONTACT_MM",0,"00","00","00分"
"E_CONTACT_MM15","E_CONTACT_MM",15,"15","15","15分"
"E_CONTACT_MM30","E_CONTACT_MM",30,"30","30","30分"
"E_CONTACT_MM45","E_CONTACT_MM",45,"45","45","45分"
"E_KATAGAWARI01","E_KATAGAWARI",1,"1","京都銀行","京都銀行"
"E_KATAGAWARI02","E_KATAGAWARI",2,"2","京都信用金庫","京都信用金庫"
"E_KATAGAWARI03","E_KATAGAWARI",3,"3","滋賀銀行","滋賀銀行"
"E_KATAGAWARI04","E_KATAGAWARI",4,"4","南都銀行","南都銀行"
"E_KATAGAWARI05","E_KATAGAWARI",5,"5","関西アーバン銀行","関西アーバン銀行"
"E_KATAGAWARI06","E_KATAGAWARI",6,"6","近畿大阪銀行","近畿大阪銀行"
"E_KATAGAWARI07","E_KATAGAWARI",7,"7","住宅支援機構","住宅支援機構"
"E_KATAGAWARI08","E_KATAGAWARI",8,"8","三菱ＵＦＪ銀行","三菱ＵＦＪ銀行"
"E_KATAGAWARI09","E_KATAGAWARI",9,"9","三井住友銀行","三井住友銀行"
"E_KATAGAWARI10","E_KATAGAWARI",10,"10","みずほ銀行","みずほ銀行"
"E_KATAGAWARI11","E_KATAGAWARI",11,"11","りそな銀行","りそな銀行"
"E_KATAGAWARI12","E_KATAGAWARI",12,"12","SBI 新生銀行","SBI 新生銀行"
"E_KATAGAWARI13","E_KATAGAWARI",13,"13","あおぞら銀行","あおぞら銀行"
"E_KATAGAWARI14","E_KATAGAWARI",14,"14","三菱ＵＦＪ信託銀行","三菱ＵＦＪ信託銀行"
"E_KATAGAWARI15","E_KATAGAWARI",15,"15","みずほ信託銀行","みずほ信託銀行"
"E_KATAGAWARI16","E_KATAGAWARI",16,"16","中央三井信託銀行","中央三井信託銀行"
"E_KATAGAWARI17","E_KATAGAWARI",17,"17","住友信託銀行","住友信託銀行"
"E_KATAGAWARI18","E_KATAGAWARI",18,"18","りそな信託銀行","りそな信託銀行"
"E_KATAGAWARI19","E_KATAGAWARI",19,"19","枚方信用金庫","枚方信用金庫"
"E_KATAGAWARI20","E_KATAGAWARI",20,"20","摂津水都信用金庫","摂津水都信用金庫"
"E_KATAGAWARI21","E_KATAGAWARI",21,"21","奈良中央信用金庫","奈良中央信用金庫"
"E_KATAGAWARI22","E_KATAGAWARI",22,"22","中小企業金融公庫","中小企業金融公庫"
"E_KATAGAWARI23","E_KATAGAWARI",23,"23","日本政策金融公庫","日本政策金融公庫"
"E_KATAGAWARI24","E_KATAGAWARI",24,"24","商工組合中央金庫","商工組合中央金庫"
"E_KATAGAWARI25","E_KATAGAWARI",25,"25","ゆうちょ銀行","ゆうちょ銀行"
"E_KATAGAWARI26","E_KATAGAWARI",26,"26","JA","JA"
"E_KATAGAWARI27","E_KATAGAWARI",27,"27","その他","その他"
"E_KOUSHO_ITEM01","E_KOUSHO_ITEM",1,"01","新規（融資）","交渉項目：新規（融資）"
"E_KOUSHO_ITEM02","E_KOUSHO_ITEM",2,"02","増枠（融資）","交渉項目：増枠（融資）"
"E_KOUSHO_ITEM03","E_KOUSHO_ITEM",3,"03","期日管理","交渉項目：期日管理"
"E_KOUSHO_ITEM04","E_KOUSHO_ITEM",4,"04","延滞督促","交渉項目：延滞督促"
"E_KOUSHO_ITEM06","E_KOUSHO_ITEM",5,"06","謝絶説明","交渉項目：謝絶説明"
"E_KOUSHO_ITEM07","E_KOUSHO_ITEM",6,"07","取下申出時対応","交渉項目：取下申出時対応"
"E_KOUSHO_ITEM08","E_KOUSHO_ITEM",7,"08","債権回収管理","交渉項目：債権回収管理"
"E_KOUSHO_ITEM09","E_KOUSHO_ITEM",8,"09","経営改善支援","交渉項目：経営改善支援"
"E_KOUSHO_ITEM99","E_KOUSHO_ITEM",9,"99","その他","交渉項目：その他"
"E_KOUSHO_TNSG01","E_KOUSHO_TNSG",1,"01","営業店:面談","営業店:面談"
"E_KOUSHO_TNSG02","E_KOUSHO_TNSG",2,"02","営業店:作業依頼","営業店:作業依頼"
"E_KOUSHO_TNSG03","E_KOUSHO_TNSG",3,"03","営業店:承認","営業店:承認"
"E_KOUSHO_TNSG04","E_KOUSHO_TNSG",4,"04","営業店:最終承認","営業店:最終承認"
"E_KOUSHO_TNSG05","E_KOUSHO_TNSG",5,"05","融資部:面談内容確認","融資部:面談内容確認"
"E_KOUSHO_TNSG06","E_KOUSHO_TNSG",6,"06","融資部:返済条件相談","融資部:返済条件相談"
"E_KOUSHO_TNSG07","E_KOUSHO_TNSG",7,"07","融資部:作業結果確認","融資部:作業結果確認"
"E_KOUSHO_TNSG08","E_KOUSHO_TNSG",8,"08","融資部:作業依頼","融資部:作業依頼"
"E_KOUSHO_TNSG09","E_KOUSHO_TNSG",9,"09","融資部:承認","融資部:承認"
"E_KOUSHO_TNSG10","E_KOUSHO_TNSG",10,"10","融資部:最終承認","融資部:最終承認"
"E_KOUSHO_TNSG11","E_KOUSHO_TNSG",11,"11","ｺｰﾙｾﾝﾀｰ:面談内容確認","ｺｰﾙｾﾝﾀｰ:面談内容確認"
"E_KOUSHO_TNSG12","E_KOUSHO_TNSG",12,"12","ｺｰﾙｾﾝﾀｰ:ｵｰﾄｺｰﾙ","ｺｰﾙｾﾝﾀｰ:ｵｰﾄｺｰﾙ"
"E_KOUSHO_TNSG13","E_KOUSHO_TNSG",13,"13","ｺｰﾙｾﾝﾀｰ:作業内容登録","ｺｰﾙｾﾝﾀｰ:作業内容登録"
"E_KOUSHO_TNSG14","E_KOUSHO_TNSG",14,"14","ｺｰﾙｾﾝﾀｰ:作業依頼","ｺｰﾙｾﾝﾀｰ:作業依頼"
"E_KOUSHO_TNSG15","E_KOUSHO_TNSG",15,"15","ｺｰﾙｾﾝﾀｰ:承認","ｺｰﾙｾﾝﾀｰ:承認"
"E_KOUSHO_TNSG16","E_KOUSHO_TNSG",16,"16","ｺｰﾙｾﾝﾀｰ:最終承認","ｺｰﾙｾﾝﾀｰ:最終承認"
"E_KOUSHO_TNSG17","E_KOUSHO_TNSG",17,"17","完了","完了"
"E_KOUSHO_TNSG98","E_KOUSHO_TNSG",98,"98","担当作業","担当作業"
"E_KOUSHO_TNSG99","E_KOUSHO_TNSG",99,"99","部店担当作業","部店担当作業"
"E_KOUSHO_TYPE01","E_KOUSHO_TYPE",1,"01","交渉","交渉区分：交渉"
"E_KOUSHO_TYPE02","E_KOUSHO_TYPE",2,"02","融資（事業性）","交渉区分：融資（事業性）"
"E_KOUSHO_TYPE03","E_KOUSHO_TYPE",3,"03","融資（消費性）","交渉区分：融資（消費性）"
"E_KOUSHO_TYPE05","E_KOUSHO_TYPE",4,"05","延滞管理","交渉区分：延滞管理"
"E_KOUSHO_TYPE99","E_KOUSHO_TYPE",5,"99","その他","交渉区分：その他"
"E_SYUKEI_UNIT01","E_SYUKEI_UNIT",1,"01","店別","集計単位 - 店別"
"E_SYUKEI_UNIT02","E_SYUKEI_UNIT",2,"02","ブロック別","集計単位 - ブロック別"
"E_SYUKEI_UNIT03","E_SYUKEI_UNIT",3,"03","担当者別","集計単位 - 担当者別"
"E_TARGET_ACRY01","E_TARGET_ACRY",1,"1","不確定","不確定"
"E_TARGET_ACRY02","E_TARGET_ACRY",2,"2","確定","確定"
"E_TARGET_ACRY03","E_TARGET_ACRY",3,"3","取下","取下"
"E_TARGET_ACRY04","E_TARGET_ACRY",4,"4","否認","否認"
"E_TARGET_ACRY05","E_TARGET_ACRY",5,"5","実行済","実行済"
"E_TARGET_DIV01","E_TARGET_DIV",2,"01","事業性","ネタ項目分類コード - 事業性"
"E_TARGET_DIV02","E_TARGET_DIV",3,"02","消費性","ネタ項目分類コード - 消費性"
"E_TARGET_DIV03","E_TARGET_DIV",4,"03","その他(割,条,極度他)","ネタ項目分類コード - その他"
"E_TARGET_DIV04","E_TARGET_DIV",1,"04","事業性＋消費性","ネタ項目分類コード - 事業性＋消費性"
"E_TARGET_EXRS01","E_TARGET_EXRS",1,"1","否決","否決"
"E_TARGET_EXRS02","E_TARGET_EXRS",2,"2","条件付承認","条件付承認"
"E_TARGET_EXRS03","E_TARGET_EXRS",3,"3","承認","承認"
"E_TARGET_EXST01","E_TARGET_EXST",1,"1","未審査","未審査"
"E_TARGET_EXST02","E_TARGET_EXST",2,"2","審査中","審査中"
"E_TARGET_EXST03","E_TARGET_EXST",3,"3","差戻中","差戻中"
"E_TARGET_EXST04","E_TARGET_EXST",4,"4","審査済","審査済"
"E_TARGET_INRS01","E_TARGET_INRS",1,"1","否決","否決"
"E_TARGET_INRS02","E_TARGET_INRS",2,"2","差戻","差戻"
"E_TARGET_INRS03","E_TARGET_INRS",3,"3","条件付承認","条件付承認"
"E_TARGET_INRS04","E_TARGET_INRS",4,"4","承認","承認"
"E_TARGET_INRS05","E_TARGET_INRS",5,"5","対象外","対象外"
"EIGYOBI0","EIGYOBI",1,"0","平日営業日","一般的な銀行営業日を意味する。　土・日・祝日・１月１～３日・１２月３１日を除いた日付"
"EIGYOBI1","EIGYOBI",2,"1","休日営業日","平日営業日以外の勘定系オンライン稼働日を意味する。土・日・祝日・１月３日・１２月３１日を言う。"
"EIGYOBI2","EIGYOBI",3,"2","非営業日","勘定系オンライン非稼働日を意味する。１月１日・２日"
"ENTAISYUBETU1","ENTAISYUBETU",1,"1","元金延滞","元金延滞発生口座"
"ENTAISYUBETU2","ENTAISYUBETU",2,"2","利息延滞","利息延滞発生口座（元金延滞はなし）"
"ENTAISYUBETU3","ENTAISYUBETU",3,"3","最終期日","最終期限のみ"
"ENTAISYUBETU4","ENTAISYUBETU",4,"4","手形期日","手形期日経過口座"
"ENTAISYUBETU6","ENTAISYUBETU",6,"6","管理債権","管理債権口座"
"ENTAISYUBETU8","ENTAISYUBETU",8,"8","識別なし","未使用"
"ENTAISYUBETU9","ENTAISYUBETU",9,"9","その他","未使用"
"ETTLD_DETAIL1","ETTLD_DETAIL",1,"1","抵当権","抵当権"
"ETTLD_DETAIL2","ETTLD_DETAIL",2,"2","質権","質権"
"ETTLD_DETAIL3","ETTLD_DETAIL",3,"3","譲渡担保","譲渡担保"
"ETTLD_DETAIL4","ETTLD_DETAIL",4,"4","その他","その他"
"EVAL_MEAN1","EVAL_MEAN",1,"1","路線価方式","路線価方式"
"EVAL_MEAN2","EVAL_MEAN",2,"2","固定資産税評価額方式","固定資産税評価額方式"
"EVAL_MEAN3","EVAL_MEAN",3,"3","個別（土地）方式","個別（土地）方式"
"EVAL_MEAN4","EVAL_MEAN",4,"4","原価法","原価法"
"EVAL_MEAN5","EVAL_MEAN",5,"5","マンション評価額方式","マンション評価額方式"
"EVAL_MEAN6","EVAL_MEAN",6,"6","収益還元法","収益還元法"
"Finance","DEFINITION",7,"Finance","電子稟議（稟議）","ユーザ登録関連で利用"
"GENJYOYOUTO01","GENJYOYOUTO",1,"01","建付地","建付地"
"GENJYOYOUTO02","GENJYOYOUTO",2,"02","更地","更地"
"GENJYOYOUTO03","GENJYOYOUTO",3,"03","資材置場","資材置場"
"GENJYOYOUTO04","GENJYOYOUTO",4,"04","駐車場","駐車場"
"GENJYOYOUTO05","GENJYOYOUTO",5,"05","私道","私道"
"GENJYOYOUTO06","GENJYOYOUTO",6,"06","道路","道路"
"GENJYOYOUTO99","GENJYOYOUTO",9,"99","その他","その他"
"GKAKUDUKE01","GKAKUDUKE",1,"01","AAA+","R&I AAA+"
"GKAKUDUKE02","GKAKUDUKE",2,"02","AAA","R&I AAA"
"GKAKUDUKE03","GKAKUDUKE",3,"03","AAA-","R&I AAA-"
"GKAKUDUKE04","GKAKUDUKE",4,"04","AA+","R&I AA+"
"GKAKUDUKE05","GKAKUDUKE",5,"05","AA","R&I AA"
"GKAKUDUKE06","GKAKUDUKE",6,"06","AA-","R&I AA-"
"GKAKUDUKE07","GKAKUDUKE",7,"07","A+","R&I A+"
"GKAKUDUKE08","GKAKUDUKE",8,"08","A","R&I A"
"GKAKUDUKE09","GKAKUDUKE",9,"09","A-","R&I A-"
"GKAKUDUKE10","GKAKUDUKE",10,"10","BBB+","R&I BBB+"
"GKAKUDUKE100","GKAKUDUKE",100,"100","A","FITCH A"
"GKAKUDUKE101","GKAKUDUKE",101,"101","A-","FITCH A-"
"GKAKUDUKE102","GKAKUDUKE",102,"102","BBB+","FITCH BBB+"
"GKAKUDUKE103","GKAKUDUKE",103,"103","BBB","FITCH BBB"
"GKAKUDUKE104","GKAKUDUKE",104,"104","BBB-","FITCH BBB-"
"GKAKUDUKE105","GKAKUDUKE",105,"105","BB+","FITCH BB+"
"GKAKUDUKE106","GKAKUDUKE",106,"106","BB","FITCH BB"
"GKAKUDUKE107","GKAKUDUKE",107,"107","BB-","FITCH BB-"
"GKAKUDUKE108","GKAKUDUKE",108,"108","B+","FITCH B+"
"GKAKUDUKE109","GKAKUDUKE",109,"109","B","FITCH B"
"GKAKUDUKE11","GKAKUDUKE",11,"11","BBB","R&I BBB"
"GKAKUDUKE110","GKAKUDUKE",110,"110","B-","FITCH B-"
"GKAKUDUKE111","GKAKUDUKE",111,"111","CCC+","FITCH CCC+"
"GKAKUDUKE112","GKAKUDUKE",112,"112","CCC+","FITCH CCC+"
"GKAKUDUKE113","GKAKUDUKE",113,"113","CCC-","FITCH CCC-"
"GKAKUDUKE114","GKAKUDUKE",114,"114","CC","FITCH CC"
"GKAKUDUKE115","GKAKUDUKE",115,"115","該当なし","FITCH 該当なし"
"GKAKUDUKE12","GKAKUDUKE",12,"12","BBB-","R&I BBB-"
"GKAKUDUKE13","GKAKUDUKE",13,"13","BB+","R&I BB+"
"GKAKUDUKE14","GKAKUDUKE",14,"14","BB","R&I BB"
"GKAKUDUKE15","GKAKUDUKE",15,"15","BB-","R&I BB-"
"GKAKUDUKE16","GKAKUDUKE",16,"16","B+","R&I B+"
"GKAKUDUKE17","GKAKUDUKE",17,"17","B","R&I B"
"GKAKUDUKE18","GKAKUDUKE",18,"18","B-","R&I B-"
"GKAKUDUKE19","GKAKUDUKE",19,"19","CCC+","R&I CCC+"
"GKAKUDUKE20","GKAKUDUKE",20,"20","CCC+","R&I CCC+"
"GKAKUDUKE21","GKAKUDUKE",21,"21","CCC-","R&I CCC-"
"GKAKUDUKE22","GKAKUDUKE",22,"22","CC","R&I CC"
"GKAKUDUKE23","GKAKUDUKE",23,"23","該当なし","R&I 該当なし"
"GKAKUDUKE24","GKAKUDUKE",24,"24","AAA+","JCR AAA+"
"GKAKUDUKE25","GKAKUDUKE",25,"25","AAA","JCR AAA"
"GKAKUDUKE26","GKAKUDUKE",26,"26","AAA-","JCR AAA-"
"GKAKUDUKE27","GKAKUDUKE",27,"27","AA+","JCR AA+"
"GKAKUDUKE28","GKAKUDUKE",28,"28","AA","JCR AA"
"GKAKUDUKE29","GKAKUDUKE",29,"29","AA-","JCR AA-"
"GKAKUDUKE30","GKAKUDUKE",30,"30","A+","JCR A+"
"GKAKUDUKE31","GKAKUDUKE",31,"31","A","JCR A"
"GKAKUDUKE32","GKAKUDUKE",32,"32","A-","JCR A-"
"GKAKUDUKE33","GKAKUDUKE",33,"33","BBB+","JCR BBB+"
"GKAKUDUKE34","GKAKUDUKE",34,"34","BBB","JCR BBB"
"GKAKUDUKE35","GKAKUDUKE",35,"35","BBB-","JCR BBB-"
"GKAKUDUKE36","GKAKUDUKE",36,"36","BB+","JCR BB+"
"GKAKUDUKE37","GKAKUDUKE",37,"37","BB","JCR BB"
"GKAKUDUKE38","GKAKUDUKE",38,"38","BB-","JCR BB-"
"GKAKUDUKE39","GKAKUDUKE",39,"39","B+","JCR B+"
"GKAKUDUKE40","GKAKUDUKE",40,"40","B","JCR B"
"GKAKUDUKE41","GKAKUDUKE",41,"41","B-","JCR B-"
"GKAKUDUKE42","GKAKUDUKE",42,"42","CCC+","JCR CCC+"
"GKAKUDUKE43","GKAKUDUKE",43,"43","CCC+","JCR CCC+"
"GKAKUDUKE44","GKAKUDUKE",44,"44","CCC-","JCR CCC-"
"GKAKUDUKE45","GKAKUDUKE",45,"45","CC","JCR CC"
"GKAKUDUKE46","GKAKUDUKE",46,"46","該当なし","JCR 該当なし"
"GKAKUDUKE47","GKAKUDUKE",47,"47","AAA+","Moodys AAA+"
"GKAKUDUKE48","GKAKUDUKE",48,"48","AAA","Moodys AAA"
"GKAKUDUKE49","GKAKUDUKE",49,"49","AAA-","Moodys AAA-"
"GKAKUDUKE50","GKAKUDUKE",50,"50","AA+","Moodys AA+"
"GKAKUDUKE51","GKAKUDUKE",51,"51","AA","Moodys AA"
"GKAKUDUKE52","GKAKUDUKE",52,"52","AA-","Moodys AA-"
"GKAKUDUKE53","GKAKUDUKE",53,"53","A+","Moodys A+"
"GKAKUDUKE54","GKAKUDUKE",54,"54","A","Moodys A"
"GKAKUDUKE55","GKAKUDUKE",55,"55","A-","Moodys A-"
"GKAKUDUKE56","GKAKUDUKE",56,"56","BBB+","Moodys BBB+"
"GKAKUDUKE57","GKAKUDUKE",57,"57","BBB","Moodys BBB"
"GKAKUDUKE58","GKAKUDUKE",58,"58","BBB-","Moodys BBB-"
"GKAKUDUKE59","GKAKUDUKE",59,"59","BB+","Moodys BB+"
"GKAKUDUKE60","GKAKUDUKE",60,"60","BB","Moodys BB"
"GKAKUDUKE61","GKAKUDUKE",61,"61","BB-","Moodys BB-"
"GKAKUDUKE62","GKAKUDUKE",62,"62","B+","Moodys B+"
"GKAKUDUKE63","GKAKUDUKE",63,"63","B","Moodys B"
"GKAKUDUKE64","GKAKUDUKE",64,"64","B-","Moodys B-"
"GKAKUDUKE65","GKAKUDUKE",65,"65","CCC+","Moodys CCC+"
"GKAKUDUKE66","GKAKUDUKE",66,"66","CCC+","Moodys CCC+"
"GKAKUDUKE67","GKAKUDUKE",67,"67","CCC-","Moodys CCC-"
"GKAKUDUKE68","GKAKUDUKE",68,"68","CC","Moodys CC"
"GKAKUDUKE69","GKAKUDUKE",69,"69","該当なし","Moodys 該当なし"
"GKAKUDUKE70","GKAKUDUKE",70,"70","AAA+","S&P AAA+"
"GKAKUDUKE71","GKAKUDUKE",71,"71","AAA","S&P AAA"
"GKAKUDUKE72","GKAKUDUKE",72,"72","AAA-","S&P AAA-"
"GKAKUDUKE73","GKAKUDUKE",73,"73","AA+","S&P AA+"
"GKAKUDUKE74","GKAKUDUKE",74,"74","AA","S&P AA"
"GKAKUDUKE75","GKAKUDUKE",75,"75","AA-","S&P AA-"
"GKAKUDUKE76","GKAKUDUKE",76,"76","A+","S&P A+"
"GKAKUDUKE77","GKAKUDUKE",77,"77","A","S&P A"
"GKAKUDUKE78","GKAKUDUKE",78,"78","A-","S&P A-"
"GKAKUDUKE79","GKAKUDUKE",79,"79","BBB+","S&P BBB+"
"GKAKUDUKE80","GKAKUDUKE",80,"80","BBB","S&P BBB"
"GKAKUDUKE81","GKAKUDUKE",81,"81","BBB-","S&P BBB-"
"GKAKUDUKE82","GKAKUDUKE",82,"82","BB+","S&P BB+"
"GKAKUDUKE83","GKAKUDUKE",83,"83","BB","S&P BB"
"GKAKUDUKE84","GKAKUDUKE",84,"84","BB-","S&P BB-"
"GKAKUDUKE85","GKAKUDUKE",85,"85","B+","S&P B+"
"GKAKUDUKE86","GKAKUDUKE",86,"86","B","S&P B"
"GKAKUDUKE87","GKAKUDUKE",87,"87","B-","S&P B-"
"GKAKUDUKE88","GKAKUDUKE",88,"88","CCC+","S&P CCC+"
"GKAKUDUKE89","GKAKUDUKE",89,"89","CCC+","S&P CCC+"
"GKAKUDUKE90","GKAKUDUKE",90,"90","CCC-","S&P CCC-"
"GKAKUDUKE91","GKAKUDUKE",91,"91","CC","S&P CC"
"GKAKUDUKE92","GKAKUDUKE",92,"92","該当なし","S&P 該当なし"
"GKAKUDUKE93","GKAKUDUKE",93,"93","AAA+","FITCH AAA+"
"GKAKUDUKE94","GKAKUDUKE",94,"94","AAA","FITCH AAA"
"GKAKUDUKE95","GKAKUDUKE",95,"95","AAA-","FITCH AAA-"
"GKAKUDUKE96","GKAKUDUKE",96,"96","AA+","FITCH AA+"
"GKAKUDUKE97","GKAKUDUKE",97,"97","AA","FITCH AA"
"GKAKUDUKE98","GKAKUDUKE",98,"98","AA-","FITCH AA-"
"GKAKUDUKE99","GKAKUDUKE",99,"99","A+","FITCH A+"
"GR_REQUEST","GRADEUSERLEVEL",1,"GR_REQUEST","担当者","（営業店）　担当者"
"GR_UNDERWRITE1","GRADEUSERLEVEL",2,"GR_UNDERWRITE1","検印","（営業店）　検印"
"GR_UNDERWRITE2","GRADEUSERLEVEL",3,"GR_UNDERWRITE2","支店長","（営業店）　支店長"
"GR_UNDERWRITE3","GRADEUSERLEVEL",4,"GR_UNDERWRITE3","１次承認","（与信監査部）　１次承認者　業務役以下"
"GR_UNDERWRITE4","GRADEUSERLEVEL",5,"GR_UNDERWRITE4","２次承認","（与信監査部）　２次承認者　課長・部次長"
"GR_UNDERWRITE5","GRADEUSERLEVEL",6,"GR_UNDERWRITE5","部長","（与信監査部）　最終決裁者　部長"
"GRADE","DEFINITION",2,"GRADE","信用格付","テンプレート取得関連、ユーザ登録関連で利用"
"GRADESTATUS１","GRADESTATUS",1,"1","未格付","未格付"
"GRADESTATUS2","GRADESTATUS",2,"2","格付取得中","格付取得中"
"GRADESTATUS3","GRADESTATUS",3,"3","格付取得済","格付取得済"
"GRADESTATUS4","GRADESTATUS",4,"4","格付取得エラー","格付取得エラー"
"GUARANTEE","DEFINITION",5,"GUARANTEE","担保・保証管理","テンプレート取得関連"
"GYOSYU0100","GYOSYU",1,"0100","食料品","食料品"
"GYOSYU0200","GYOSYU",2,"0200","繊維品","繊維品"
"GYOSYU0300","GYOSYU",3,"0300","木材・木製品","木材・木製品"
"GYOSYU0400","GYOSYU",4,"0400","パルプ・紙・紙加工品","パルプ・紙・紙加工品"
"GYOSYU0500","GYOSYU",5,"0500","印刷","印刷"
"GYOSYU0800","GYOSYU",6,"0800","化学工業","化学工業"
"GYOSYU0900","GYOSYU",7,"0900","石油精製","石油精製"
"GYOSYU1000","GYOSYU",8,"1000","窯業・土石製品","窯業・土石製品"
"GYOSYU1100","GYOSYU",9,"1100","鉄鋼","鉄鋼"
"GYOSYU1200","GYOSYU",10,"1200","非鉄金属","非鉄金属"
"GYOSYU1300","GYOSYU",11,"1300","金属製品","金属製品"
"GYOSYU1400","GYOSYU",12,"1400","汎・生産・業務用機械","はん用・生産用・業務用機械"
"GYOSYU1500","GYOSYU",13,"1500","電気機械器具","電気機械器具"
"GYOSYU1800","GYOSYU",14,"1800","輸送用機械器具","輸送用機械器具"
"GYOSYU1900","GYOSYU",15,"1900","精密機械器具","精密機械器具"
"GYOSYU2000","GYOSYU",16,"2000","その他製造業","その他製造業"
"GYOSYU2200","GYOSYU",17,"2200","農業","農業"
"GYOSYU2300","GYOSYU",18,"2300","林業","林業"
"GYOSYU2400","GYOSYU",19,"2400","漁業","漁業"
"GYOSYU2500","GYOSYU",20,"2500","鉱・採石・砂利採取業","鉱業、採石業、砂利採取業"
"GYOSYU2600","GYOSYU",21,"2600","建設業","建設業"
"GYOSYU3000","GYOSYU",22,"3000","保険業","保険業"
"GYOSYU3010","GYOSYU",23,"3010","金融商品先物取引業","金融商品取引業、商品先物取引業"
"GYOSYU3020","GYOSYU",24,"3020","その他の金融業","その他の金融業"
"GYOSYU3030","GYOSYU",25,"3030","銀行・協同組織金融業","銀行業、協同組織金融業"
"GYOSYU3100","GYOSYU",26,"3100","食料品卸売","食料品卸売"
"GYOSYU3200","GYOSYU",27,"3200","繊維品卸売","繊維品卸売"
"GYOSYU3300","GYOSYU",28,"3300","鉱物・金属材料卸売","鉱物・金属材料卸売"
"GYOSYU3400","GYOSYU",29,"3400","その他の卸売業","その他の卸売業"
"GYOSYU3700","GYOSYU",30,"3700","飲食業","飲食業"
"GYOSYU3800","GYOSYU",31,"3800","小売業","小売業"
"GYOSYU3810","GYOSYU",32,"3810","百貨店","百貨店"
"GYOSYU4100","GYOSYU",33,"4100","不動産業","不動産業"
"GYOSYU4110","GYOSYU",34,"4110","地方住宅供給公社","地方住宅供給公社"
"GYOSYU4120","GYOSYU",35,"4120","地方開発公社","地方開発公社"
"GYOSYU4130","GYOSYU",36,"4130","不動産賃貸業","不動産賃貸業"
"GYOSYU4140","GYOSYU",37,"4140","不動産流動化等ＳＰＣ","不動産流動化等を目的とするＳＰＣ"
"GYOSYU4150","GYOSYU",38,"4150","個人による貸家業","個人による貸家業"
"GYOSYU4600","GYOSYU",39,"4600","運輸業、郵便業","運輸業、郵便業"
"GYOSYU4610","GYOSYU",40,"4610","私鉄","私鉄"
"GYOSYU4650","GYOSYU",41,"4650","通信業","通信業"
"GYOSYU4800","GYOSYU",42,"4800","電気ガス熱供給水道業","電気・ｶﾞｽ熱供給・水道業（関西電力、大阪瓦斯）"
"GYOSYU4900","GYOSYU",43,"4900","教育・学習支援業","教育・学習支援業"
"GYOSYU5000","GYOSYU",44,"5000","物品賃貸業","物品賃貸業"
"GYOSYU5100","GYOSYU",45,"5100","宿泊業","宿泊業"
"GYOSYU5200","GYOSYU",46,"5200","娯楽","娯楽"
"GYOSYU5210","GYOSYU",47,"5210","生活関連サービス業","生活関連サービス業"
"GYOSYU5250","GYOSYU",48,"5250","専門・技術サービス業","学術研究、専門・技術サービス業"
"GYOSYU5300","GYOSYU",49,"5300","情報サービス・放送","情報サービス・放送"
"GYOSYU5320","GYOSYU",50,"5320","出版","出版"
"GYOSYU5340","GYOSYU",51,"5340","映画","映画"
"GYOSYU5400","GYOSYU",52,"5400","医療・保健衛生","医療・保健衛生"
"GYOSYU5420","GYOSYU",53,"5420","福祉","福祉"
"GYOSYU5500","GYOSYU",54,"5500","その他のサービス業","その他のサービス業"
"GYOSYU5510","GYOSYU",55,"5510","各種団体等","各種団体等"
"GYOSYU5520","GYOSYU",56,"5520","広告","広告"
"GYOSYU5900","GYOSYU",57,"5900","地方公共団体","地方公共団体"
"GYOSYU6000","GYOSYU",58,"6000","個人","個人"
"GYOSYU6010","GYOSYU",59,"6010","会社役員","会社役員"
"GYOSYU6020","GYOSYU",60,"6020","会社員","会社員"
"GYOSYU6030","GYOSYU",61,"6030","公務員","公務員"
"GYOSYU6040","GYOSYU",62,"6040","教職員","教職員"
"GYOUSYUKUBUN0","GYOUSYUKUBUN",0,"0","全業種","全業種"
"GYOUSYUKUBUN1","GYOUSYUKUBUN",1,"1","農林水産業","農林水産業"
"GYOUSYUKUBUN10","GYOUSYUKUBUN",10,"10","運輸業","運輸業"
"GYOUSYUKUBUN11","GYOUSYUKUBUN",11,"11","電気・ガス・水道業","電気・ガス・水道・熱供給業"
"GYOUSYUKUBUN12","GYOUSYUKUBUN",12,"12","サービス業","サービス業"
"GYOUSYUKUBUN2","GYOUSYUKUBUN",2,"2","鉱業","鉱業"
"GYOUSYUKUBUN3","GYOUSYUKUBUN",3,"3","建設業","建設業"
"GYOUSYUKUBUN4","GYOUSYUKUBUN",4,"4","製造業","製造業"
"GYOUSYUKUBUN5","GYOUSYUKUBUN",5,"5","卸売業","卸売業"
"GYOUSYUKUBUN6","GYOUSYUKUBUN",6,"6","代理商・仲立業","代理商・仲立業"
"GYOUSYUKUBUN7","GYOUSYUKUBUN",7,"7","小売業","小売業"
"GYOUSYUKUBUN8","GYOUSYUKUBUN",8,"8","証券・商品先物取引業","証券業・商品先物取引業"
"GYOUSYUKUBUN9","GYOUSYUKUBUN",9,"9","不動産業","不動産業"
"H_HATANKBN1","H_HATANKBN",1,"1","銀行取引停止処分","銀行取引停止処分"
"H_HATANKBN2","H_HATANKBN",2,"2","破産申立","破産申立"
"H_HATANKBN3","H_HATANKBN",3,"3","特別清算申立","特別清算申立"
"H_HATANKBN4","H_HATANKBN",4,"4","会社更生法申立","会社更生法申立"
"H_HATANKBN5","H_HATANKBN",5,"5","民事再生申立","民事再生申立"
"H_HOUJINKAKU0","H_HOUJINKAKU",1,"0","個人","個人"
"H_HOUJINKAKU1","H_HOUJINKAKU",2,"1","法人","法人"
"H_HSYUBETU1","H_HSYUBETU",1,"1","保証人","保証人"
"H_HSYUBETU2","H_HSYUBETU",2,"2","保証会社","保証会社"
"H_HSYUBETU3","H_HSYUBETU",3,"3","公的保証","公的保証"
"H_HYOUKAHOUHOU1","H_HYOUKAHOUHOU",1,"1","当庫評価","当庫評価"
"H_HYOUKAHOUHOU2","H_HYOUKAHOUHOU",2,"2","法定鑑定","法定鑑定"
"H_HYOUKAHOUHOU3","H_HYOUKAHOUHOU",3,"3","簡易鑑定","簡易鑑定"
"H_HYOUKAHOUHOU4","H_HYOUKAHOUHOU",4,"4","競売評価","競売評価"
"H_JIYUU1","H_JIYUU",1,"1","税法上の無税化","税法上の無税化"
"H_JIYUU2","H_JIYUU",2,"2","債権売却","債権売却"
"H_JIYUU3","H_JIYUU",3,"3","回収","回収"
"H_JIYUU4","H_JIYUU",4,"4","その他","その他"
"H_RIYOUHOUHOU1","H_RIYOUHOUHOU",1,"1","自用","自用"
"H_RIYOUHOUHOU2","H_RIYOUHOUHOU",2,"2","賃貸権","賃貸権"
"H_RIYOUHOUHOU3","H_RIYOUHOUHOU",3,"3","使用賃借","使用賃借"
"H_RIYOUHOUHOU4","H_RIYOUHOUHOU",4,"4","未利用","未利用"
"H_RIYOUHOUHOU5","H_RIYOUHOUHOU",5,"5","その他","その他"
"H_RIYUU1","H_RIYUU",1,"1","期中ランクアップ","期中ランクアップ"
"H_RIYUU2","H_RIYUU",2,"2","担保フルカバー","担保フルカバー"
"H_RIYUU3","H_RIYUU",3,"3","その他","その他"
"H_SAGYOU0","H_SAGYOU",2,"0","作業要","作業状況登録該当なし"
"H_SAGYOU1","H_SAGYOU",1,"1","作業未開始","作業未開始"
"H_SAGYOU2","H_SAGYOU",3,"2","作業中","作業中"
"H_SAGYOU3","H_SAGYOU",4,"3","作業済","作業済"
"H_SAGYOU4","H_SAGYOU",5,"4","償却申請済","償却申請済"
"H_STATUS1","H_STATUS",1,"1","抽出","抽出"
"H_STATUS2","H_STATUS",2,"2","未承認","未承認"
"H_STATUS3","H_STATUS",3,"3","差戻","差戻"
"H_STATUS4","H_STATUS",4,"4","取下","取下"
"H_STATUS5","H_STATUS",6,"5","承認","承認"
"H_STATUS6","H_STATUS",7,"6","追加動機確認","追加動機確認"
"H_STATUS7","H_STATUS",5,"7","承認待ち","承認待ち"
"H_SYOUNIN1","H_SYOUNIN",2,"1","差戻","差戻"
"H_SYOUNIN2","H_SYOUNIN",3,"2","承認","承認"
"H_SYOUNIN3","H_SYOUNIN",1,"3","承認待ち","承認待ち"
"HENSAIHOUHOU1","HENSAIHOUHOU",1,"1","期日一括","期日一括返済"
"HENSAIHOUHOU2","HENSAIHOUHOU",2,"2","元金均等","元金均等返済"
"HENSAIHOUHOU3","HENSAIHOUHOU",3,"3","商担","商担返済"
"HENSAIHOUHOU4","HENSAIHOUHOU",4,"4","元利均等","元利均等返済"
"HENSAIHOUHOU5","HENSAIHOUHOU",5,"5","定型外","定型外返済"
"HENSAIHOUHOU6","HENSAIHOUHOU",6,"6","随時","随時返済"
"HENSAIHOUHOU7","HENSAIHOUHOU",7,"7","ステップ償還","ステップ償還"
"HENSAIHOUHOU8","HENSAIHOUHOU",8,"8","約定","約定返済"
"HENSAIHOUHOU9","HENSAIHOUHOU",9,"9","その他","その他返済"
"HOSYOKAISYA01","HOSYOKAISYA",1,"01","なし","なし"
"HOSYOKAISYA02","HOSYOKAISYA",2,"02","保証協会(有担)","保証協会(有担)"
"HOSYOKAISYA03","HOSYOKAISYA",3,"03","保証協会(無担)","保証協会(無担)"
"HOSYOKAISYA04","HOSYOKAISYA",4,"04","中信ローン保証","中信ローン保証"
"HOSYOKAISYA05","HOSYOKAISYA",5,"05","全国保証","全国保証"
"HOSYOKAISYA06","HOSYOKAISYA",6,"06","しんきん保証基金","しんきん保証基金"
"HOSYOKAISYA07","HOSYOKAISYA",7,"07","オリックス","オリックス"
"HOSYOKAISYA08","HOSYOKAISYA",8,"08","クレディセゾン","クレディセゾン"
"HOSYOKAISYA09","HOSYOKAISYA",9,"09","ライフカード","ライフカード"
"HOSYOKAISYA10","HOSYOKAISYA",10,"10","三井住友カード","三井住友カード"
"HOSYOKAISYA11","HOSYOKAISYA",11,"11","オリコ","オリコ"
"HOSYOKAISYA12","HOSYOKAISYA",12,"12","三菱UFJニコス","三菱UFJニコス"
"HOSYOKAISYA13","HOSYOKAISYA",13,"13","信金ギャランティ","信金ギャランティ"
"HOSYOKAISYA14","HOSYOKAISYA",16,"14","その他","その他"
"HOSYOKAISYA15","HOSYOKAISYA",14,"15","セゾンファンデックス","セゾンファンデックス"
"HOSYOKAISYA16","HOSYOKAISYA",15,"16","中小機構・50％","中小機構・50％"
"HOSYOMOKU100000","HOSYOMOKUTEKI",1,"100000","信用","信用"
"HOSYOMOKU200000","HOSYOMOKUTEKI",2,"200000","預金","預金"
"HOSYOMOKU300000","HOSYOMOKUTEKI",3,"300000","有価証券","有価証券"
"HOSYOMOKU510000","HOSYOMOKUTEKI",4,"510000","不動産抵当権","不動産抵当権"
"HOSYOMOKU520000","HOSYOMOKUTEKI",5,"520000","不動産根抵当権","不動産根抵当権"
"HOSYOMOKU611001","HOSYOMOKUTEKI",6,"611001","協一般/京都","協会個別一般　協会（京都）"
"HOSYOMOKU611002","HOSYOMOKUTEKI",7,"611002","協一般/売掛金　90%","協会個別一般　協会（京都）・売掛金９０％"
"HOSYOMOKU611003","HOSYOMOKUTEKI",8,"611003","協一般/大阪","協会個別一般　協会（大阪）・保証番号９ｘｘｘｘｘｘｘ"
"HOSYOMOKU611004","HOSYOMOKUTEKI",9,"611004","協一般/滋賀","協会個別一般　協会（滋賀）・保証番号８ｘｘｘｘｘｘｘ"
"HOSYOMOKU611005","HOSYOMOKUTEKI",10,"611005","協一般流用/京都","協会個別一般　協会流用（京都）"
"HOSYOMOKU611006","HOSYOMOKUTEKI",11,"611006","協一般流用/大阪","協会個別一般　協会流用（大阪）"
"HOSYOMOKU611007","HOSYOMOKUTEKI",12,"611007","協一般流用/滋賀","協会個別一般　協会流用（滋賀）"
"HOSYOMOKU611008","HOSYOMOKUTEKI",13,"611008","協一般/80%　京都","協会個別一般　協会（京都）・８０％保証"
"HOSYOMOKU611009","HOSYOMOKUTEKI",14,"611009","協一般/90%　京都","協会個別一般　協会（京都）・９０％保証"
"HOSYOMOKU611010","HOSYOMOKUTEKI",15,"611010","協一般/93.3%","協会個別一般　協会（京都）・９３．３％保証"
"HOSYOMOKU611011","HOSYOMOKUTEKI",16,"611011","協一般流用/80%","協会個別一般　協会流用（京都）・８０％保証"
"HOSYOMOKU611012","HOSYOMOKUTEKI",17,"611012","協一般流用/90%","協会個別一般　協会流用（京都）・９０％保証"
"HOSYOMOKU611013","HOSYOMOKUTEKI",18,"611013","協一般流用/93.3%","協会個別一般　協会流用（京都）・９３．３％保証"
"HOSYOMOKU611014","HOSYOMOKUTEKI",19,"611014","協一般/80%　大阪","協会個別一般　協会（大阪）・８０％保証"
"HOSYOMOKU611015","HOSYOMOKUTEKI",20,"611015","協一般/80%　滋賀","協会個別一般　協会（滋賀）・８０％保証"
"HOSYOMOKU611016","HOSYOMOKUTEKI",21,"611016","協一般流用/80%　大阪","協会個別一般　協会流用（大阪）・８０％保証"
"HOSYOMOKU611017","HOSYOMOKUTEKI",22,"611017","協一般流用/80%　滋賀","協会個別一般　協会流用（滋賀）・８０％保証"
"HOSYOMOKU611018","HOSYOMOKUTEKI",23,"611018","協条変/40％無担 京都","協会条変対応（無担）４０％保証（京都）"
"HOSYOMOKU611019","HOSYOMOKUTEKI",24,"611019","協条変/40％有担 京都","協会条変対応（有担）４０％保証（京都）"
"HOSYOMOKU611020","HOSYOMOKUTEKI",25,"611020","協条変/40％無担 大阪","協会条変対応（無担）４０％保証（大阪）"
"HOSYOMOKU611021","HOSYOMOKUTEKI",26,"611021","協条変/40％有担 大阪","協会条変対応（有担）４０％保証（大阪）"
"HOSYOMOKU611022","HOSYOMOKUTEKI",27,"611022","協条変/40％無担 滋賀","協会条変対応（無担）４０％保証（滋賀）"
"HOSYOMOKU611023","HOSYOMOKUTEKI",28,"611023","協条変/40％有担 滋賀","協会条変対応（有担）４０％保証（滋賀）"
"HOSYOMOKU611024","HOSYOMOKUTEKI",29,"611024","協一般/奈良","協会個別一般　協会（奈良）"
"HOSYOMOKU611025","HOSYOMOKUTEKI",30,"611025","協一般流用/奈良","協会個別一般　協会流用（奈良）"
"HOSYOMOKU611026","HOSYOMOKUTEKI",31,"611026","協一般/80%　奈良","協会個別一般　協会（奈良）・８０％保証"
"HOSYOMOKU611027","HOSYOMOKUTEKI",32,"611027","協一般流用/80%　奈良","協会個別一般　協会流用（奈良）・８０％保証"
"HOSYOMOKU621001","HOSYOMOKUTEKI",33,"621001","協追認/一般","協会個別追認　協会（京都）"
"HOSYOMOKU621002","HOSYOMOKUTEKI",34,"621002","協追認/売掛金　90%","協会個別追認　協会（京都）・売掛金９０％"
"HOSYOMOKU621003","HOSYOMOKUTEKI",35,"621003","協追認/大阪","協会個別追認　協会（大阪）・保証番号９ｘｘｘｘｘｘｘ"
"HOSYOMOKU621004","HOSYOMOKUTEKI",36,"621004","協追認/滋賀","協会個別追認　協会（滋賀）・保証番号８ｘｘｘｘｘｘｘ"
"HOSYOMOKU621005","HOSYOMOKUTEKI",37,"621005","協追認流用/京都","協会個別追認　協会流用（京都）"
"HOSYOMOKU621006","HOSYOMOKUTEKI",38,"621006","協追認流用/大阪","協会個別追認　協会流用（大阪）"
"HOSYOMOKU621007","HOSYOMOKUTEKI",39,"621007","協追認流用/滋賀","協会個別追認　協会流用（滋賀）"
"HOSYOMOKU621008","HOSYOMOKUTEKI",40,"621008","協追認/80%","協会個別追認　協会（京都）・８０％保証"
"HOSYOMOKU621009","HOSYOMOKUTEKI",41,"621009","協追認/90%","協会個別追認　協会（京都）・９０％保証"
"HOSYOMOKU621010","HOSYOMOKUTEKI",42,"621010","協追認/93.3%","協会個別追認　協会（京都）・９３．３％保証"
"HOSYOMOKU621011","HOSYOMOKUTEKI",43,"621011","協追認流用/80%","協会個別追認　協会流用（京都）・８０％保証"
"HOSYOMOKU621012","HOSYOMOKUTEKI",44,"621012","協追認流用/90%","協会個別追認　協会流用（京都）・９０％保証"
"HOSYOMOKU621013","HOSYOMOKUTEKI",45,"621013","協追認流用/93.3%","協会個別追認　協会流用（京都）・９３．３％保証"
"HOSYOMOKU621014","HOSYOMOKUTEKI",46,"621014","協追認/80%　大阪","協会個別追認　協会（大阪）・８０％保証"
"HOSYOMOKU621015","HOSYOMOKUTEKI",47,"621015","協追認/80%　滋賀","協会個別追認　協会（滋賀）・８０％保証"
"HOSYOMOKU621016","HOSYOMOKUTEKI",48,"621016","協追認流用/80%　大阪","協会個別追認　協会流用（大阪）・８０％保証"
"HOSYOMOKU621017","HOSYOMOKUTEKI",49,"621017","協追認流用/80%　滋賀","協会個別追認　協会流用（滋賀）・８０％保証"
"HOSYOMOKU621018","HOSYOMOKUTEKI",50,"621018","協追認/40％無担 京都","協会個別追認（無担）４０％保証（京都）"
"HOSYOMOKU621019","HOSYOMOKUTEKI",51,"621019","協追認/40％有担 京都","協会個別追認（有担）４０％保証（京都）"
"HOSYOMOKU621020","HOSYOMOKUTEKI",52,"621020","協追認/40％無担 大阪","協会個別追認（無担）４０％保証（大阪）"
"HOSYOMOKU621021","HOSYOMOKUTEKI",53,"621021","協追認/40％有担 大阪","協会個別追認（有担）４０％保証（大阪）"
"HOSYOMOKU621022","HOSYOMOKUTEKI",54,"621022","協追認/40％無担 滋賀","協会個別追認（無担）４０％保証（滋賀）"
"HOSYOMOKU621023","HOSYOMOKUTEKI",55,"621023","協追認/40％有担 滋賀","協会個別追認（有担）４０％保証（滋賀）"
"HOSYOMOKU621024","HOSYOMOKUTEKI",56,"621024","協追認/奈良","協会個別追認　協会（奈良）"
"HOSYOMOKU621025","HOSYOMOKUTEKI",57,"621025","協追認流用/奈良","協会個別追認　協会流用（奈良）"
"HOSYOMOKU621026","HOSYOMOKUTEKI",58,"621026","協追認/80%　奈良","協会個別追認　協会（奈良）・８０％保証"
"HOSYOMOKU621027","HOSYOMOKUTEKI",59,"621027","協追認流用/80%　奈良","協会個別追認　協会流用（奈良）・８０％保証"
"HOSYOMOKU631001","HOSYOMOKUTEKI",60,"631001","協根/一般","協会根保証　協会（京都）"
"HOSYOMOKU631002","HOSYOMOKUTEKI",61,"631002","協根/売掛金　90%","協会根保証　協会（京都）・売掛金９０％"
"HOSYOMOKU631003","HOSYOMOKUTEKI",62,"631003","協根/大阪","協会根保証　協会（大阪）・保証番号９ｘｘｘｘｘｘｘ"
"HOSYOMOKU631004","HOSYOMOKUTEKI",63,"631004","協根/滋賀","協会根保証　協会（滋賀）・保証番号８ｘｘｘｘｘｘｘ"
"HOSYOMOKU631005","HOSYOMOKUTEKI",64,"631005","協根流用/京都","協会根保証　協会流用（京都）"
"HOSYOMOKU631006","HOSYOMOKUTEKI",65,"631006","協根流用/大阪","協会根保証　協会流用（大阪）"
"HOSYOMOKU631007","HOSYOMOKUTEKI",66,"631007","協根流用/滋賀","協会根保証　協会流用（滋賀）"
"HOSYOMOKU631008","HOSYOMOKUTEKI",67,"631008","協根/80%","協会根保証　協会（京都）・８０％保証"
"HOSYOMOKU631009","HOSYOMOKUTEKI",68,"631009","協根/90%","協会根保証　協会（京都）・９０％保証"
"HOSYOMOKU631010","HOSYOMOKUTEKI",69,"631010","協根/93.3%","協会根保証　協会（京都）・９３．３％保証"
"HOSYOMOKU631011","HOSYOMOKUTEKI",70,"631011","協根流用/80%","協会根保証　協会流用（京都）・８０％保証"
"HOSYOMOKU631012","HOSYOMOKUTEKI",71,"631012","協根流用/90%","協会根保証　協会流用（京都）・９０％保証"
"HOSYOMOKU631013","HOSYOMOKUTEKI",72,"631013","協根流用/93.3%","協会根保証　協会流用（京都）・９３．３％保証"
"HOSYOMOKU631014","HOSYOMOKUTEKI",73,"631014","協根/80%　大阪","協会根保証　協会（大阪）・８０％保証"
"HOSYOMOKU631015","HOSYOMOKUTEKI",74,"631015","協根/80%　滋賀","協会根保証　協会（滋賀）・８０％保証"
"HOSYOMOKU631016","HOSYOMOKUTEKI",75,"631016","協根流用/80%　大阪","協会根保証　協会流用（大阪）・８０％保証"
"HOSYOMOKU631017","HOSYOMOKUTEKI",76,"631017","協根流用/80%　滋賀","協会根保証　協会流用（滋賀）・８０％保証"
"HOSYOMOKU631018","HOSYOMOKUTEKI",77,"631018","協根/40％無担　京都","協会根保証（無担）４０％保証（京都）"
"HOSYOMOKU631019","HOSYOMOKUTEKI",78,"631019","協根/40％有担　京都","協会根保証（有担）４０％保証（京都）"
"HOSYOMOKU631020","HOSYOMOKUTEKI",79,"631020","協根/40％無担　大阪","協会根保証（無担）４０％保証（大阪）"
"HOSYOMOKU631021","HOSYOMOKUTEKI",80,"631021","協根/40％有担　大阪","協会根保証（有担）４０％保証（大阪）"
"HOSYOMOKU631022","HOSYOMOKUTEKI",81,"631022","協根/40％無担　滋賀","協会根保証（無担）４０％保証（滋賀）"
"HOSYOMOKU631023","HOSYOMOKUTEKI",82,"631023","協根/40％有担　滋賀","協会根保証（有担）４０％保証（滋賀）"
"HOSYOMOKU631024","HOSYOMOKUTEKI",83,"631024","協根/奈良","協会根保証　協会（奈良）"
"HOSYOMOKU631025","HOSYOMOKUTEKI",84,"631025","協根流用/奈良","協会根保証　協会流用（奈良）"
"HOSYOMOKU631026","HOSYOMOKUTEKI",85,"631026","協根/80%　奈良","協会根保証　協会（奈良）・８０％保証"
"HOSYOMOKU631027","HOSYOMOKUTEKI",86,"631027","協根流用/80%　奈良","協会根保証　協会流用（奈良）・８０％保証"
"HOSYOMOKU710001","HOSYOMOKUTEKI",87,"710001","中信ローン保証","中信ローン保証"
"HOSYOMOKU710002","HOSYOMOKUTEKI",88,"710002","その他保証（優良）","その他保証（優良）"
"HOSYOMOKU710003","HOSYOMOKUTEKI",89,"710003","その他保証（一般）","その他保証（一般）"
"HOSYOMOKU720000","HOSYOMOKUTEKI",90,"720000","その他保証追認","その他保証追認"
"HOSYOMOKU730000","HOSYOMOKUTEKI",91,"730000","制度保証","制度保証"
"HOSYOMOKU900000","HOSYOMOKUTEKI",92,"900000","その他","その他"
"HOUJINKAKU1","HOUJINKAKU",1,"1","個人","個人"
"HOUJINKAKU2","HOUJINKAKU",3,"2","法人","法人"
"HOUJINKAKU3","HOUJINKAKU",5,"3","金融機関","金融機関"
"HOUJINKAKU4","HOUJINKAKU",6,"4","公金","公金"
"HOUJINKAKU5","HOUJINKAKU",4,"5","その他法人","その他法人"
"HOUJINKAKU6","HOUJINKAKU",2,"6","個人事業主","個人事業主"
"HYOUKAKOUMOKU1","HYOUKAKOUMOKU",1,"1","純資産規模","純資産規模"
"HYOUKAKOUMOKU2","HYOUKAKOUMOKU",2,"2","純資本経常利益率","純資本経常利益率"
"HYOUKAKOUMOKU3","HYOUKAKOUMOKU",3,"3","インタレストカバレジ","インタレスト・カバレッジ・レシオ"
"HYOUKAKOUMOKU4","HYOUKAKOUMOKU",4,"4","長期債務償還年数","長期債務償還年数"
"HYOUKAKOUMOKU5","HYOUKAKOUMOKU",5,"5","自己資本比率","自己資本比率"
"HYOUKAKOUMOKU6","HYOUKAKOUMOKU",6,"6","借入対月商比率","借入対月商比率"
"HYOUKAKOUMOKU7","HYOUKAKOUMOKU",7,"7","当座比率","当座比率"
"HYOUKAKOUMOKU8","HYOUKAKOUMOKU",8,"8","売上債権回転期間","売上債権回転期間"
"HYOUKAKOUMOKU9","HYOUKAKOUMOKU",9,"9","棚卸資産回転期間","棚卸資産回転期間"
"IKAN1","IKAN",1,"1","個別","個別"
"INC_STS_KBN1","INCIDENTSTUTUSKBN",1,"1","対応不要","対応不要"
"INC_STS_KBN2","INCIDENTSTUTUSKBN",2,"2","未対応","未対応"
"INC_STS_KBN3","INCIDENTSTUTUSKBN",3,"3","対応中","対応中"
"INC_STS_KBN4","INCIDENTSTUTUSKBN",4,"4","対応済","対応済"
"INFODISPLAY01","INFODISPLAY",1,"1","本部のみ","お知らせ情報表示対象：本部のみ"
"INFODISPLAY02","INFODISPLAY",2,"2","全体","お知らせ情報表示対象：本部＆営業店"
"JIGYOUKAKUDAI01","JIGYOUKAKUDAI",1,"1","有","有"
"JIGYOUKAKUDAI02","JIGYOUKAKUDAI",2,"2","無","無"
"JIGYOUSKSAKI01","JIGYOUSKSAKI",1,"1","親族を検討","親族を検討"
"JIGYOUSKSAKI02","JIGYOUSKSAKI",2,"2","社内を検討","社内を検討"
"JIGYOUSKSAKI03","JIGYOUSKSAKI",3,"3","社外を検討","社外を検討"
"JIGYOUSKSAKI04","JIGYOUSKSAKI",4,"4","廃業を検討","廃業を検討"
"JIGYOUSKSAKI05","JIGYOUSKSAKI",5,"5","親族内","親族内"
"JIGYOUSKSAKI06","JIGYOUSKSAKI",6,"6","社内","社内"
"JIGYOUSKSAKI07","JIGYOUSKSAKI",7,"7","社外","社外"
"JIGYOUSKSAKI08","JIGYOUSKSAKI",8,"8","廃業","廃業"
"JIGYOUSKSAKI09","JIGYOUSKSAKI",9,"9","未定","未定"
"JIGYOUSKSIEN01","JIGYOUSKSIEN",1,"1","要","要"
"JIGYOUSKSIEN02","JIGYOUSKSIEN",2,"2","否","否"
"JISYOSTUTAS1","JISYOSTUTAS",1,"1","未対応","未対応"
"JISYOSTUTAS2","JISYOSTUTAS",2,"2","対応中","対応中"
"JISYOSTUTAS3","JISYOSTUTAS",3,"3","対応済","対応済"
"JISYOSTUTAS4","JISYOSTUTAS",4,"4","対応不要","対応不要"
"JOKENKUBNGRP1","JOKENKUBNGRP",1,"JOKENKUBNGRP1","条件、指示、仮承認","条件区分-条件、指示、仮承認"
"JOKENKUBNGRP2","JOKENKUBNGRP",2,"JOKENKUBNGRP2","回答書回覧、実行予定","条件区分-回答書回覧、実行予定"
"JYOUKEN1","JYOUKEN",1,"1","無し","無し"
"JYOUKEN2","JYOUKEN",2,"2","据置","元金返済の中間据置"
"JYOUKEN3","JYOUKEN",3,"3","減額","約定返済額の減額"
"JYOUKEN4","JYOUKEN",4,"4","延長","最終返済日の延長"
"JYOUKEN5","JYOUKEN",5,"5","方法","返済方法の変更"
"JYOUKEN6","JYOUKEN",6,"6","周期","返済周期の長期化"
"JYOUKEN7","JYOUKEN",7,"7","与条","与信条件問題先（テールヘビー）"
"JYOUKEN8","JYOUKEN",8,"8","借替","借り替え・合算先"
"JYOUKEN9","JYOUKEN",9,"9","減免","金利減免・棚上げ先"
"K_DAIHYOUSYA01","K_DAIHYOUSYA",1,"1","親族の家に同居","親族の家に同居"
"K_DAIHYOUSYA02","K_DAIHYOUSYA",2,"2","持家（一戸建）","持家（一戸建）"
"K_DAIHYOUSYA03","K_DAIHYOUSYA",3,"3","持家（一戸建除）","持家（一戸建除）"
"K_DAIHYOUSYA04","K_DAIHYOUSYA",4,"4","賃貸マンション","賃貸マンション"
"K_DAIHYOUSYA05","K_DAIHYOUSYA",5,"5","公営住宅","公営住宅"
"K_DAIHYOUSYA06","K_DAIHYOUSYA",6,"6","民間アパート","民間アパート"
"K_DAIHYOUSYA07","K_DAIHYOUSYA",7,"7","民間借家","民間借家"
"K_DAIHYOUSYA08","K_DAIHYOUSYA",8,"8","社宅・官舎","社宅・官舎"
"K_DAIHYOUSYA09","K_DAIHYOUSYA",9,"9","その他","その他"
"K_DIVISION1","K_DIVISION",1,"1","給与所得者","給与所得者"
"K_DIVISION2","K_DIVISION",2,"2","個人事業者","個人事業者"
"K_DIVISION3","K_DIVISION",3,"3","会社役員","会社役員"
"K_DOSANJOHO01","K_DOSANJOHO",1,"1","有価証券","有価証券"
"K_DOSANJOHO02","K_DOSANJOHO",2,"2","入居保証金","入居保証金"
"K_DOSANJOHO03","K_DOSANJOHO",3,"3","ゴルフ会員権","ゴルフ会員権"
"K_DOSANJOHO04","K_DOSANJOHO",4,"4","物権","物権"
"K_DOSANJOHO05","K_DOSANJOHO",5,"5","機械・設備","機械・設備"
"K_DOSANJOHO06","K_DOSANJOHO",6,"6","その他","その他"
"K_EIGYOUNEN1","K_EIGYOUNEN",1,"1","1年未満","2年未満"
"K_EIGYOUNEN2","K_EIGYOUNEN",2,"2","1年以上","1年以上"
"K_EIGYOUNEN3","K_EIGYOUNEN",3,"3","3年以上","3年以上"
"K_EIGYOUNEN4","K_EIGYOUNEN",4,"4","6年以上","6年以上"
"K_EIGYOUNEN5","K_EIGYOUNEN",5,"5","10年以上","10年以上"
"K_EIGYOUNEN6","K_EIGYOUNEN",6,"6","15年以上","15年以上"
"K_EIGYOUNEN7","K_EIGYOUNEN",7,"7","20年以上","20年以上"
"K_FIN_CLOSE1","K_FIN_CLOSE",1,"1","メイン化","メイン化"
"K_FIN_CLOSE2","K_FIN_CLOSE",2,"2","準メイン化","準メイン化"
"K_FIN_CLOSE3","K_FIN_CLOSE",3,"3","メイン化推進先","メイン化推進先"
"K_FIN_HOUSHIN01","K_FIN_HOUSHIN",1,"01","増加","増加"
"K_FIN_HOUSHIN02","K_FIN_HOUSHIN",2,"02","現状維持","現状維持"
"K_FIN_HOUSHIN03","K_FIN_HOUSHIN",3,"03","約定弁済","約定弁済"
"K_FIN_HOUSHIN04","K_FIN_HOUSHIN",4,"04","圧縮","圧縮"
"K_FINTYPE1","K_FINTYPE",1,"1","表面財務ベース","表面財務ベース"
"K_FINTYPE2","K_FINTYPE",2,"2","実態財務ベース","実態財務ベース"
"K_FUDOSANJOHO1","K_FUDOSANJOHO",1,"1","更地","更地"
"K_FUDOSANJOHO10","K_FUDOSANJOHO",10,"10","その他","その他"
"K_FUDOSANJOHO2","K_FUDOSANJOHO",2,"2","事務所","事務所"
"K_FUDOSANJOHO3","K_FUDOSANJOHO",3,"3","店舗","店舗"
"K_FUDOSANJOHO4","K_FUDOSANJOHO",4,"4","工場","工場"
"K_FUDOSANJOHO5","K_FUDOSANJOHO",5,"5","倉庫","倉庫"
"K_FUDOSANJOHO6","K_FUDOSANJOHO",6,"6","共同住宅","共同住宅"
"K_FUDOSANJOHO7","K_FUDOSANJOHO",7,"7","貸家","貸家"
"K_FUDOSANJOHO8","K_FUDOSANJOHO",8,"8","底地","底地"
"K_FUDOSANJOHO9","K_FUDOSANJOHO",9,"9","借地権","借地権"
"K_GYOKAICHII1","K_GYOKAICHII",1,"1","全国上位","全国上位"
"K_GYOKAICHII2","K_GYOKAICHII",2,"2","全国中位","全国中位"
"K_GYOKAICHII3","K_GYOKAICHII",3,"3","全国下位","全国下位"
"K_GYOKAICHII4","K_GYOKAICHII",4,"11","地区上位","地区上位"
"K_GYOKAICHII5","K_GYOKAICHII",5,"12","地区中位","地区中位"
"K_GYOKAICHII6","K_GYOKAICHII",6,"13","地区下位","地区下位"
"K_GYOKAICHII7","K_GYOKAICHII",7,"21","地元上位","地元上位"
"K_GYOKAICHII8","K_GYOKAICHII",8,"22","地元中位","地元中位"
"K_GYOKAICHII9","K_GYOKAICHII",9,"23","地元下位","地元下位"
"K_HYOUJITYPE1","K_HYOUJITYPE",1,"1","借入金合計","借入金合計"
"K_HYOUJITYPE2","K_HYOUJITYPE",2,"2","借入金","借入金"
"K_HYOUJITYPE3","K_HYOUJITYPE",3,"3","預金","預金"
"K_JYUUGYOUIN1","K_JYUUGYOUIN",1,"1","4人以下","4人以下"
"K_JYUUGYOUIN2","K_JYUUGYOUIN",2,"2","5人以上","5人以上"
"K_JYUUGYOUIN3","K_JYUUGYOUIN",3,"3","10人以上","10人以上"
"K_JYUUGYOUIN4","K_JYUUGYOUIN",4,"4","20人以上","20人以上"
"K_JYUUGYOUIN5","K_JYUUGYOUIN",5,"5","50人以上","50人以上"
"K_JYUUGYOUIN6","K_JYUUGYOUIN",6,"6","100人以上","100人以上"
"K_JYUUGYOUIN7","K_JYUUGYOUIN",7,"7","300人以上","300人以上"
"K_KINYUKKN0001","K_KINYUKKN",22,"0001","みずほ銀行","みずほ銀行"
"K_KINYUKKN0005","K_KINYUKKN",26,"0005","三菱UFJ銀行","三菱UFJ銀行"
"K_KINYUKKN0009","K_KINYUKKN",24,"0009","三井住友銀行","三井住友銀行"
"K_KINYUKKN0010","K_KINYUKKN",29,"0010","りそな銀行","りそな銀行"
"K_KINYUKKN0016","K_KINYUKKN",46,"0016","(使用禁止)みずほｺｰﾎﾟ","みずほコーポレート銀行"
"K_KINYUKKN0157","K_KINYUKKN",13,"0157","滋賀銀行","滋賀銀行"
"K_KINYUKKN0158","K_KINYUKKN",7,"0158","京都銀行","京都銀行"
"K_KINYUKKN0159","K_KINYUKKN",54,"0159","(使用禁止)近畿大阪","近畿大阪銀行"
"K_KINYUKKN0161","K_KINYUKKN",3,"0161","池田泉州銀行","池田泉州銀行"
"K_KINYUKKN0162","K_KINYUKKN",19,"0162","南都銀行","南都銀行"
"K_KINYUKKN0288","K_KINYUKKN",27,"0288","三菱UFJ信託銀行","三菱UFJ信託銀行"
"K_KINYUKKN0289","K_KINYUKKN",23,"0289","みずほ信託銀行","みずほ信託銀行"
"K_KINYUKKN0291","K_KINYUKKN",47,"0291","(使用禁止)中央三井信","中央三井信託銀行"
"K_KINYUKKN0294","K_KINYUKKN",25,"0294","三井住友信託銀行","三井住友信託銀行"
"K_KINYUKKN0326","K_KINYUKKN",48,"0326","(使用禁止)りそな信託","りそな信託銀行"
"K_KINYUKKN0397","K_KINYUKKN",17,"0397","SBI 新生銀行","SBI 新生銀行"
"K_KINYUKKN0398","K_KINYUKKN",2,"0398","あおぞら銀行","あおぞら銀行"
"K_KINYUKKN0547","K_KINYUKKN",49,"0547","(使用禁止)びわこ銀行","びわこ銀行"
"K_KINYUKKN0554","K_KINYUKKN",52,"0554","(使用禁止)関西ｱｰﾊﾞﾝ","関西アーバン銀行"
"K_KINYUKKN0555","K_KINYUKKN",53,"0555","(使用禁止)大正銀行","大正銀行"
"K_KINYUKKN1602","K_KINYUKKN",14,"1602","滋賀中央信用金庫","滋賀中央信用金庫"
"K_KINYUKKN1610","K_KINYUKKN",8,"1610","京都信用金庫","京都信用金庫"
"K_KINYUKKN1611","K_KINYUKKN",1,"1611","京都中央信用金庫","京都中央信用金庫"
"K_KINYUKKN1620","K_KINYUKKN",9,"1620","京都北都信用金庫","京都北都信用金庫"
"K_KINYUKKN1633","K_KINYUKKN",4,"1633","大阪厚生信用金庫","大阪厚生信用金庫"
"K_KINYUKKN1645","K_KINYUKKN",6,"1645","北おおさか信用金庫","北おおさか信用金庫"
"K_KINYUKKN1656","K_KINYUKKN",21,"1656","枚方信用金庫","枚方信用金庫"
"K_KINYUKKN1657","K_KINYUKKN",55,"1657","(使用禁止)摂津水都","摂津水都信用金庫"
"K_KINYUKKN1668","K_KINYUKKN",18,"1668","奈良中央信用金庫","奈良中央信用金庫"
"K_KINYUKKN2004","K_KINYUKKN",16,"2004","商工組合中央金庫","商工組合中央金庫"
"K_KINYUKKN2526","K_KINYUKKN",11,"2526","京滋信用組合","京滋信用組合"
"K_KINYUKKN2567","K_KINYUKKN",10,"2567","近畿産業信用組合","近畿産業信用組合"
"K_KINYUKKNA000","K_KINYUKKN",43,"A000","その他","その他"
"K_KINYUKKNA001","K_KINYUKKN",50,"A001","(使用禁止)中小企業","中小企業金融公庫"
"K_KINYUKKNA002","K_KINYUKKN",51,"A002","(使用禁止)国民生活","国民生活金融公庫"
"K_KINYUKKNA003","K_KINYUKKN",15,"A003","住宅金融支援機構","住宅金融支援機構"
"K_KINYUKKNA004","K_KINYUKKN",28,"A004","ゆうちょ銀行","ゆうちょ銀行"
"K_KINYUKKNA005","K_KINYUKKN",45,"A005","その他ノンバンク","その他ノンバンク"
"K_KINYUKKNA006","K_KINYUKKN",44,"A006","その他生命保険会社","その他生命保険会社"
"K_KINYUKKNA007","K_KINYUKKN",12,"A007","JAバンク","JAバンク"
"K_KINYUKKNA008","K_KINYUKKN",20,"A008","日本政策金融公庫","日本政策金融公庫"
"K_KINYUKKNA009","K_KINYUKKN",5,"A009","関西みらい銀行","関西みらい銀行"
"K_KINYUKKNA010","K_KINYUKKN",30,"A010","大阪シティ信用金庫","大阪シティ信用金庫"
"K_KINYUKKNA011","K_KINYUKKN",31,"A011","大阪信用金庫","大阪信用金庫"
"K_KINYUKKNA012","K_KINYUKKN",32,"A012","大阪協栄信用組合","大阪協栄信用組合"
"K_KINYUKKNA013","K_KINYUKKN",33,"A013","尼崎信用金庫","尼崎信用金庫"
"K_KINYUKKNA014","K_KINYUKKN",34,"A014","紀陽銀行","紀陽銀行"
"K_KINYUKKNA015","K_KINYUKKN",35,"A015","大阪商工信用金庫","大阪商工信用金庫"
"K_KINYUKKNA016","K_KINYUKKN",36,"A016","のぞみ信用組合","のぞみ信用組合"
"K_KINYUKKNA017","K_KINYUKKN",37,"A017","大同信用組合","大同信用組合"
"K_KINYUKKNA018","K_KINYUKKN",38,"A018","永和信用金庫","永和信用金庫"
"K_KINYUKKNA019","K_KINYUKKN",39,"A019","ミレ信用組合","ミレ信用組合"
"K_KINYUKKNA020","K_KINYUKKN",40,"A020","播州信用金庫","播州信用金庫"
"K_KINYUKKNA021","K_KINYUKKN",41,"A021","成協信用組合","成協信用組合"
"K_KINYUKKNA022","K_KINYUKKN",42,"A022","徳島大正銀行","徳島大正銀行"
"K_KOUSHOU_TYPE1","K_KOUSHOU_TYPE",1,"1","区分","区分"
"K_KOUSHOU_TYPE2","K_KOUSHOU_TYPE",2,"2","作成日時","作成日時"
"K_KOUSHOU01","K_KOUSHOU",1,"1","営業店","営業店"
"K_KOUSHOU02","K_KOUSHOU",2,"2","本部","本部"
"K_TEMPCUST1","K_TEMPCUST",1,"1","移管日","移管日"
"K_TEMPCUST2","K_TEMPCUST",2,"2","店番(移管前)","店番(移管前)"
"K_TEMPCUST3","K_TEMPCUST",3,"3","店名(移管前)","店名(移管前)"
"K_TEMPCUST4","K_TEMPCUST",4,"4","仮顧客番号","仮顧客番号"
"K_TEMPCUST5","K_TEMPCUST",5,"5","仮顧客名","仮顧客名"
"K_TEMPCUST6","K_TEMPCUST",6,"6","店番(移管後)","店番(移管後)"
"K_TEMPCUST7","K_TEMPCUST",7,"7","店名(移管後)","店名(移管後)"
"K_TEMPCUST8","K_TEMPCUST",8,"8","顧客番号(移管後)","顧客番号(移管後)"
"K_TEMPCUST9","K_TEMPCUST",9,"9","顧客名(移管後)","顧客名(移管後)"
"K_TORIHIKICHII1","K_TORIHIKICHII",1,"1","主力","主力"
"K_TORIHIKICHII2","K_TORIHIKICHII",2,"2","準主力","準主力"
"K_TORIHIKICHII3","K_TORIHIKICHII",3,"3","その他","その他"
"K_WORKCONTENTS1","K_WORKCONTENTS",1,"1","事務","事務"
"K_WORKCONTENTS2","K_WORKCONTENTS",2,"2","労務・製造","労務・製造"
"K_WORKCONTENTS3","K_WORKCONTENTS",3,"3","技術・専門","技術・専門"
"K_WORKCONTENTS4","K_WORKCONTENTS",4,"4","（歩合）営業","（歩合）営業"
"K_WORKCONTENTS5","K_WORKCONTENTS",5,"5","経営","経営"
"K_WORKCONTENTS6","K_WORKCONTENTS",6,"6","その他","その他"
"K_WORKTYPE1","K_WORKTYPE",1,"1","一般","一般"
"K_WORKTYPE2","K_WORKTYPE",2,"2","嘱託","嘱託"
"K_WORKTYPE3","K_WORKTYPE",3,"3","技術・専門","技術・専門"
"K_WORKTYPE4","K_WORKTYPE",4,"4","ﾊﾟｰﾄ","ﾊﾟｰﾄ"
"K_WORKTYPE5","K_WORKTYPE",5,"5","役員","役員"
"K_WORKTYPE6","K_WORKTYPE",6,"6","その他","その他"
"K_YAKUIN1","K_YAKUIN",1,"1","社内昇格","社内昇格"
"K_YAKUIN2","K_YAKUIN",2,"2","社外招聘","社外招聘"
"K_YAKUIN3","K_YAKUIN",3,"3","金融機関招聘","金融機関招聘"
"K_YAKUIN4","K_YAKUIN",4,"4","創業者・代表者子弟","創業者・代表者子弟"
"KABU1","KABU",1,"1","一部上場","一部上場企業"
"KABU2","KABU",2,"2","二部上場","二部上場企業"
"KABU3","KABU",3,"3","店頭","店頭公開企業"
"KABU4","KABU",4,"4","その他","その他の企業"
"KAKUDUKE1","KAKUDUKE",1,"1","A0","A0"
"KAKUDUKE10","KAKUDUKE",10,"10","B9","B9"
"KAKUDUKE11","KAKUDUKE",11,"11","C7","C7"
"KAKUDUKE12","KAKUDUKE",12,"12","C8","C8"
"KAKUDUKE13","KAKUDUKE",13,"13","C9","C9"
"KAKUDUKE14","KAKUDUKE",14,"14","D10","D10"
"KAKUDUKE15","KAKUDUKE",15,"15","E11","E11"
"KAKUDUKE16","KAKUDUKE",16,"16","F12","F12"
"KAKUDUKE17","KAKUDUKE",17,"1","a0","a0"
"KAKUDUKE18","KAKUDUKE",18,"2","a1","a1"
"KAKUDUKE19","KAKUDUKE",19,"3","a2","a2"
"KAKUDUKE2","KAKUDUKE",2,"2","A1","A1"
"KAKUDUKE20","KAKUDUKE",20,"4","a3","a3"
"KAKUDUKE21","KAKUDUKE",21,"5","a4","a4"
"KAKUDUKE22","KAKUDUKE",22,"6","a5","a5"
"KAKUDUKE23","KAKUDUKE",23,"7","a6","a6"
"KAKUDUKE24","KAKUDUKE",24,"8","b7","b7"
"KAKUDUKE25","KAKUDUKE",25,"9","b8","b8"
"KAKUDUKE26","KAKUDUKE",26,"10","b9","b9"
"KAKUDUKE27","KAKUDUKE",27,"11","c7","c7"
"KAKUDUKE28","KAKUDUKE",28,"12","c8","c8"
"KAKUDUKE29","KAKUDUKE",29,"13","c9","c9"
"KAKUDUKE3","KAKUDUKE",3,"3","A2","A2"
"KAKUDUKE30","KAKUDUKE",30,"14","d10","d10"
"KAKUDUKE31","KAKUDUKE",31,"15","e11","e11"
"KAKUDUKE32","KAKUDUKE",32,"16","f12","f12"
"KAKUDUKE4","KAKUDUKE",4,"4","A3","A3"
"KAKUDUKE5","KAKUDUKE",5,"5","A4","A4"
"KAKUDUKE6","KAKUDUKE",6,"6","A5","A5"
"KAKUDUKE7","KAKUDUKE",7,"7","A6","A6"
"KAKUDUKE8","KAKUDUKE",8,"8","B7","B7"
"KAKUDUKE9","KAKUDUKE",9,"9","B8","B8"
"KAKUHANTEI0","KAKUHANTEI",9,"0","その他","その他"
"KAKUHANTEI1","KAKUHANTEI",1,"1","実態格付と同格付","実態格付と同格付"
"KAKUHANTEI2","KAKUHANTEI",2,"2","親企業格付低下のため","親企業格付低下のため"
"KAKUHANTEI3","KAKUHANTEI",3,"3","財務未取得によりＢ格","財務未取得によりＢ格"
"KAKUHANTEI4","KAKUHANTEI",4,"4","延滞により格付変更","延滞により格付変更"
"KAKUHANTEI5","KAKUHANTEI",5,"5","条変により格付変更","条変により格付変更"
"KAKUHANTEI6","KAKUHANTEI",6,"6","事故により格付変更","事故により格付変更"
"KAKUHANTEI7","KAKUHANTEI",7,"7","改善計画により判定","改善計画により判定"
"KAKUKIKAN01","KAKUKIKAN",1,"01","R&I","外部格付機関-R&I"
"KAKUKIKAN02","KAKUKIKAN",2,"02","JCR","外部格付機関-JCR"
"KAKUKIKAN03","KAKUKIKAN",3,"03","Moodys","外部格付機関-Moodys"
"KAKUKIKAN04","KAKUKIKAN",4,"04","S&P","外部格付機関-S&P"
"KAKUKIKAN05","KAKUKIKAN",5,"05","FITCH","外部格付機関-FITCH"
"KAKUKIKAN99","KAKUKIKAN",99,"99","該当なし","外部格付機関-該当なし"
"KAKUMODOSI0","KAKUMODOSI",9,"0","その他","その他"
"KAKUMODOSI1","KAKUMODOSI",1,"1","格付要修正","格付要修正"
"KAKUMODOSI2","KAKUMODOSI",2,"2","実態財務要修正","実態財務要修正"
"KAKUMODOSI3","KAKUMODOSI",3,"3","財務指標要修正","財務指標要修正"
"KAKUMODOSI4","KAKUMODOSI",4,"4","コメント要修正","コメント要修正"
"KAKUMODOSI5","KAKUMODOSI",5,"5","追加資料要修正","追加資料要修正"
"KAKUMODOSI6","KAKUMODOSI",6,"6","固定先フラグ変更","固定先フラグ変更"
"KAKUMODOSI7","KAKUMODOSI",7,"7","協議","協議"
"KAKUNINKOUMOKU1","R_KAKUNINKOUMOKU",1,"1","通常実行住宅ローン","通常実行住宅ローン"
"KAKUNINKOUMOKU2","R_KAKUNINKOUMOKU",2,"2","一括実行・当初実行時","一括実行・当初実行時"
"KAKUNINKOUMOKU3","R_KAKUNINKOUMOKU",3,"3","一括実行・最終支払時","一括実行・最終支払時"
"KAKUNINKOUMOKU4","R_KAKUNINKOUMOKU",4,"4","保証協会","保証協会"
"KAKUNINKOUMOKU5","R_KAKUNINKOUMOKU",5,"5","収益資金","収益資金"
"KAKUNINKOUMOKU6","R_KAKUNINKOUMOKU",6,"6","収益以外の設備","収益以外の設備"
"KAKUNINSYUDAN1","KAKUNINSYUDAN",1,"1","面前","面前"
"KAKUNINSYUDAN2","KAKUNINSYUDAN",2,"2","電話","電話"
"KAKUTORISAGE0","KAKUTORISAGE",9,"0","その他","その他"
"KAKUTORISAGE1","KAKUTORISAGE",1,"1","先行処理あり","先行処理あり"
"KAKUTORISAGE2","KAKUTORISAGE",2,"2","後発処理あり","後発処理あり"
"KAMOKU0","KAMOKU",99,"0","その他","その他"
"KAMOKU01","KAMOKU",1,"01","割引手形","商業手形割引"
"KAMOKU02","KAMOKU",2,"02","手形貸付","手形貸付"
"KAMOKU03","KAMOKU",3,"03","証書貸付","証書貸付"
"KAMOKU04","KAMOKU",4,"04","当座当貸","当座勘定貸越"
"KAMOKU05","KAMOKU",5,"05","総合口座貸越","総合口座貸越"
"KAMOKU06","KAMOKU",6,"06","総合口座カードローン","総合口座型カードローン"
"KAMOKU07","KAMOKU",7,"07","専用カードローン","融資系カードローン"
"KAMOKU08","KAMOKU",8,"08","専用当貸","一括支払"
"KAMOKU09","KAMOKU",9,"09","外貨貸付","インパクトローン"
"KAMOKU21","KAMOKU",21,"21","代理貸付","代理貸付（保証割合）"
"KAMOKU22","KAMOKU",22,"22","債務保証","債務保証"
"KAMOKU31","KAMOKU",31,"31","取立外為","取立外為"
"KAMOKU32","KAMOKU",32,"32","買入外為","買入外為"
"KAMOKU33","KAMOKU",33,"33","外為債務保証","外為債務保証"
"KAMOKU91","KAMOKU",91,"91","仮払金","仮払金"
"KAMOKU92","KAMOKU",92,"92","未収利息","未収利息"
"KANRENSYUBETU1","KANRENSYUBETU",1,"1","実質同一債務者","実質同一債務者"
"KANRENSYUBETU2","KANRENSYUBETU",2,"2","連結CFグループ","連結CFグループ"
"KASIDASIJYOKEN1","KASIDASIJYOKEN",1,"1","該当","該当"
"KASIDASIJYOKEN2","KASIDASIJYOKEN",2,"2","該当しない","該当しない"
"KATTEIRAI01","KATTEIRAI",1,"01","勝手","勝手（外部格付）"
"KATTEIRAI02","KATTEIRAI",2,"02","依頼","依頼（外部格付）"
"KENGEN1","KENGEN",1,"1","専決","店舗長専決"
"KENGEN2","KENGEN",2,"2","本部","本部"
"KIBO100","KIBO",1,"100","大企業","大企業"
"KIBO200","KIBO",2,"200","中堅企業","中堅企業"
"KIBO300","KIBO",3,"300","中小企業","中小企業"
"KIBO400","KIBO",4,"400","個人(住宅消費資金等)","個人(住宅、消費資金等)"
"KIBO500","KIBO",5,"500","その他","その他"
"KIJITUSYU00001","KIJITUSYU",1,"00001","預金担保","預金担保"
"KIJITUSYU00002","KIJITUSYU",2,"00002","極度期限","極度期限"
"KIJITUSYU00003","KIJITUSYU",3,"00003","保証期限","保証期限"
"KIJITUSYU00004","KIJITUSYU",4,"00004","手形書替","手形書替"
"KIJITUSYU00005","KIJITUSYU",5,"00005","火災保険","火災保険"
"KIJITUSYU00006","KIJITUSYU",6,"00006","生命保険告知書","生命保険告知書"
"KIJITUSYU00007","KIJITUSYU",7,"00007","固定金利選択期日","固定金利選択期日"
"KIJITUSYU00008","KIJITUSYU",8,"00008","延滞","延滞"
"KIJITUSYU00009","KIJITUSYU",9,"00009","その他","その他"
"LAND_CATEGORY1","LAND_CATEGORY",1,"1","土地","土地"
"LAND_CATEGORY2","LAND_CATEGORY",2,"2","雑種地","雑種地"
"LAND_CATEGORY3","LAND_CATEGORY",3,"3","山林","山林"
"LAND_CATEGORY4","LAND_CATEGORY",4,"4","田","田"
"LAND_CATEGORY5","LAND_CATEGORY",5,"5","畑","畑"
"LAND_CATEGORY6","LAND_CATEGORY",6,"6","その他","その他"
"MARKET01","MARKET",1,"01","東証１部","東証１部"
"MARKET02","MARKET",2,"02","東証２部","東証２部"
"MARKET03","MARKET",3,"03","大証１部","大証１部"
"MARKET04","MARKET",4,"04","大証２部","大証２部"
"MARKET05","MARKET",5,"05","東証マザーズ","東証マザーズ"
"MARKET06","MARKET",6,"06","大証ヘラクレス","大証ヘラクレス"
"MARKET07","MARKET",7,"07","上場REIT","上場REIT"
"MARKET08","MARKET",8,"08","ジャスダック","ジャスダック"
"MARKET09","MARKET",9,"09","その他上場","その他上場"
"OTHER","DEFINITION",11,"OTHER","その他権限","ユーザ登録関連で利用"
"PRSSTATUSKBN1","PRSSTATUSKBN",1,"1","延滞無","延滞無"
"PRSSTATUSKBN2","PRSSTATUSKBN",2,"2","未対応","未対応"
"PRSSTATUSKBN3","PRSSTATUSKBN",3,"3","対応中","対応中"
"PRSSTATUSKBN4","PRSSTATUSKBN",3,"4","対応済","対応済"
"R_ADJHASU0","R_ADJHASU",1,"0","なし","なし"
"R_ADJHASU1","R_ADJHASU",2,"1","初回","初回"
"R_ADJHASU2","R_ADJHASU",3,"2","最終回","最終回"
"R_ANSKESSAIKNG1","R_ANSKESSAIKNG",1,"1","支店","支店"
"R_ANSKESSAIKNG2","R_ANSKESSAIKNG",2,"2","本部","本部"
"R_ANTICPNYTYPE1","R_ANTICOMPANYTYPE",1,"1","自社及び自社関連","自社及び自社関連"
"R_ANTICPNYTYPE2","R_ANTICOMPANYTYPE",2,"2","取引先(施工業者含む)","取引先(施工業者含む)"
"R_APPCAUSE01","R_APPCAUSE",1,"01","資金需要が無くなる","資金需要が無くなる"
"R_APPCAUSE02","R_APPCAUSE",2,"02","計画を変更した","計画を変更した"
"R_APPCAUSE03","R_APPCAUSE",3,"03","提案拒否(資金不要)","提案案件拒否(資金不要)"
"R_APPCAUSE99","R_APPCAUSE",4,"99","その他(補足必須)","その他(補足必須)"
"R_APPCONTENTS01","R_APPCONTENTS",1,"01","申込金額変更","申込金額変更"
"R_APPCONTENTS02","R_APPCONTENTS",2,"02","借入期間変更","借入期間変更"
"R_APPCONTENTS03","R_APPCONTENTS",3,"03","購入物件変更","購入物件変更"
"R_APPCONTENTS04","R_APPCONTENTS",4,"04","別の保証機関に変更","別の保証機関に変更"
"R_APPCONTENTS05","R_APPCONTENTS",5,"05","借入種類・商品の変更","借入種類・商品の変更"
"R_APPCONTENTS99","R_APPCONTENTS",6,"99","その他(補足必須)","その他(補足必須)"
"R_APRVLCDN01","R_APRVLCONDITION",1,"01","申込金額の減額","申込金額の減額"
"R_APRVLCDN02","R_APRVLCONDITION",2,"02","融資期間の短縮","融資期間の短縮"
"R_APRVLCDN03","R_APRVLCONDITION",3,"03","取扱金利の見直し","取扱金利の見直し"
"R_APRVLCDN04","R_APRVLCONDITION",4,"04","保全強化","保全強化"
"R_APRVLCDN05","R_APRVLCONDITION",5,"05","その他条件(補足必須)","その他の条件(補足必須)"
"R_APRVLCDNDT01","R_APRVLCDTRSNDT",1,"01","差押履歴あり","差押履歴あり"
"R_APRVLCDNDT02","R_APRVLCDTRSNDT",2,"02","税金・社保滞納中","税金・社保滞納中"
"R_APRVLCDNDT03","R_APRVLCDTRSNDT",3,"03","法的破綻履歴あり","法的破綻(取停、破産等)履歴あり"
"R_APRVLCDNDT04","R_APRVLCDTRSNDT",4,"04","代位弁済履歴あり","代位弁済履歴あり"
"R_APRVLCDNDT05","R_APRVLCDTRSNDT",5,"05","借入金返済延滞中","借入金返済延滞中"
"R_APRVLCDNDT06","R_APRVLCDTRSNDT",6,"06","人物面不良","人物面不良"
"R_APRVLCDNDT07","R_APRVLCDTRSNDT",7,"07","その他(補足必須)","その他(補足必須)"
"R_APRVLCDTRSN01","R_APRVLCDTRSN",1,"01","当庫融資基準に抵触","当庫融資基準に抵触"
"R_APRVLCDTRSN02","R_APRVLCDTRSN",2,"02","財務内容に問題あり","財務内容に問題あり"
"R_APRVLCDTRSN03","R_APRVLCDTRSN",3,"03","返済財源不足","返済財源不足"
"R_APRVLCDTRSN04","R_APRVLCDTRSN",4,"04","保証機関の総合的判断","保証機関の総合的判断"
"R_APRVLCDTRSN05","R_APRVLCDTRSN",5,"05","その他の理由","その他の理由"
"R_ASSUMEBANK1","R_ASSUMEBANK",1,"1","京銀","京銀"
"R_ASSUMEBANK2","R_ASSUMEBANK",2,"2","京信","京信"
"R_ASSUMEBANK3","R_ASSUMEBANK",3,"3","滋賀","滋賀"
"R_ASSUMEBANK4","R_ASSUMEBANK",4,"4","南都","南都"
"R_ASSUMEBANK5","R_ASSUMEBANK",5,"5","三菱UFJ","三菱UFJ"
"R_ASSUMEBANK6","R_ASSUMEBANK",6,"6","みずほ","みずほ"
"R_ASSUMEBANK7","R_ASSUMEBANK",7,"7","その他","その他"
"R_AUTHRSN1001","R_AUTHRSN",1,"1001","申請店舗種別","申請店舗種別"
"R_AUTHRSN1002","R_AUTHRSN",2,"1002","口座店舗種別","口座店舗種別"
"R_AUTHRSN1101","R_AUTHRSN",3,"1101","外為与信預担","外為与信預担"
"R_AUTHRSN1301","R_AUTHRSN",4,"1301","第一回不渡","第一回不渡"
"R_AUTHRSN1302","R_AUTHRSN",5,"1302","本部信用情報","本部信用情報"
"R_AUTHRSN1303","R_AUTHRSN",6,"1303","本部信用情報","本部信用情報"
"R_AUTHRSN1304","R_AUTHRSN",7,"1304","割手不渡残高","割手不渡残高"
"R_AUTHRSN1305","R_AUTHRSN",8,"1305","延滞","延滞"
"R_AUTHRSN1306","R_AUTHRSN",9,"1306","担保条件　預金担保あ","担保条件　預金担保あり"
"R_AUTHRSN1307","R_AUTHRSN",10,"1307","預金担保","預金担保"
"R_AUTHRSN1308","R_AUTHRSN",11,"1308","担保条件　不動産根減","担保条件　不動産根減額"
"R_AUTHRSN1309","R_AUTHRSN",12,"1309","保証会社　全国保証（","保証会社　全国保証（株）"
"R_AUTHRSN1310","R_AUTHRSN",13,"1310","条件変更　変動金利か","条件変更　変動金利から固定金利選択型へ"
"R_AUTHRSN1311","R_AUTHRSN",14,"1311","割引手形　手形期日2","割引手形　手形期日240日以上"
"R_AUTHRSN1312","R_AUTHRSN",15,"1312","極度稟議","極度稟議"
"R_AUTHRSN1313","R_AUTHRSN",16,"1313","消費性ローンセンター","消費性ローンセンター"
"R_AUTHRSN1314","R_AUTHRSN",17,"1314","後順位預担あり","後順位預担あり"
"R_AUTHRSN1315","R_AUTHRSN",105,"1315","でんさい割引","でんさい割引"
"R_AUTHRSN1316","R_AUTHRSN",106,"1316","動産債権担保","動産債権担保"
"R_AUTHRSN1317","R_AUTHRSN",141,"1317","取組方針書作成先","取組方針書作成先"
"R_AUTHRSN1501","R_AUTHRSN",18,"1501","商品権限区分","商品権限区分"
"R_AUTHRSN1502","R_AUTHRSN",19,"1502","商品権限区分","商品権限区分"
"R_AUTHRSN1503","R_AUTHRSN",20,"1503","商品権限区分","商品権限区分"
"R_AUTHRSN1504","R_AUTHRSN",21,"1504","商品権限区分","商品権限区分"
"R_AUTHRSN1601","R_AUTHRSN",22,"1601","協会負担金方式","協会負担金方式"
"R_AUTHRSN1602","R_AUTHRSN",23,"1602","協会保証流用","協会保証流用"
"R_AUTHRSN1603","R_AUTHRSN",24,"1603","協会保証制度融資","協会保証制度融資"
"R_AUTHRSN1604","R_AUTHRSN",25,"1604","協会低金利　利率","協会低金利　利率"
"R_AUTHRSN1605","R_AUTHRSN",26,"1605","協会低金利　利率","協会低金利　利率"
"R_AUTHRSN1606","R_AUTHRSN",27,"1606","協会１年　利率","協会１年　利率"
"R_AUTHRSN1607","R_AUTHRSN",28,"1607","協会１年　利率","協会１年　利率"
"R_AUTHRSN1608","R_AUTHRSN",29,"1608","協会１年超　固定","協会１年超　固定"
"R_AUTHRSN1609","R_AUTHRSN",30,"1609","協会１年超　変動利幅","協会１年超　変動利幅"
"R_AUTHRSN1610","R_AUTHRSN",31,"1610","協会１年超　変動利幅","協会１年超　変動利幅"
"R_AUTHRSN1611","R_AUTHRSN",32,"1611","案件利率　府市制度利","案件利率　府市制度利率"
"R_AUTHRSN1612","R_AUTHRSN",33,"1612","案件利率　府市制度利","案件利率　府市制度利率"
"R_AUTHRSN1613","R_AUTHRSN",34,"1613","案件利率　府市制度利","案件利率　府市制度利率"
"R_AUTHRSN1614","R_AUTHRSN",35,"1614","案件利率　府市制度利","案件利率　府市制度利率"
"R_AUTHRSN1615","R_AUTHRSN",112,"1615","協会保証","協会保証"
"R_AUTHRSN1616","R_AUTHRSN",113,"1616","協会保証","協会保証"
"R_AUTHRSN1617","R_AUTHRSN",114,"1617","協会保証","協会保証"
"R_AUTHRSN1618","R_AUTHRSN",115,"1618","協会保証","協会保証"
"R_AUTHRSN1619","R_AUTHRSN",139,"1619","協会全額保証","協会全額保証"
"R_AUTHRSN1701","R_AUTHRSN",36,"1701","ビジネスローン条件変","ビジネスローン条件変更"
"R_AUTHRSN1702","R_AUTHRSN",37,"1702","ビジネスローン金額","ビジネスローン金額"
"R_AUTHRSN1703","R_AUTHRSN",38,"1703","ビジネスローン金額","ビジネスローン金額"
"R_AUTHRSN1801","R_AUTHRSN",39,"1801","その他稟議　稟議内訳","その他稟議　稟議内訳"
"R_AUTHRSN1802","R_AUTHRSN",40,"1802","その他稟議　稟議内訳","その他稟議　稟議内訳"
"R_AUTHRSN1803","R_AUTHRSN",116,"1803","極度保証人","極度保証人"
"R_AUTHRSN2001","R_AUTHRSN",41,"2001","職員貸付","職員貸付"
"R_AUTHRSN2101","R_AUTHRSN",42,"2101","住宅利率引上げ","住宅利率引上げ"
"R_AUTHRSN2201","R_AUTHRSN",43,"2201","金利変動区分変更","金利変動区分変更"
"R_AUTHRSN2301","R_AUTHRSN",44,"2301","元金返済日繰延","元金返済日繰延"
"R_AUTHRSN2401","R_AUTHRSN",45,"2401","債務保証期間短縮","債務保証期間短縮"
"R_AUTHRSN2402","R_AUTHRSN",46,"2402","条件変更　利率変更の","条件変更　利率変更のみ"
"R_AUTHRSN2403","R_AUTHRSN",47,"2403","条件変更　利率変更の","条件変更　利率変更のみ"
"R_AUTHRSN2404","R_AUTHRSN",48,"2404","外為申請額","外為申請額"
"R_AUTHRSN2406","R_AUTHRSN",49,"2406","外為専決申請","外為専決申請"
"R_AUTHRSN2501","R_AUTHRSN",50,"2501","住宅ローン金額","住宅ローン金額"
"R_AUTHRSN2502","R_AUTHRSN",51,"2502","住宅ローン期間","住宅ローン期間"
"R_AUTHRSN2503","R_AUTHRSN",52,"2503","住宅ローン変動利幅","住宅ローン変動利幅"
"R_AUTHRSN2504","R_AUTHRSN",53,"2504","住宅ローン固選利率","住宅ローン固選利率"
"R_AUTHRSN2505","R_AUTHRSN",54,"2505","住宅ローン固選変動利","住宅ローン固選変動利幅"
"R_AUTHRSN2506","R_AUTHRSN",55,"2506","住宅ローン固選固定利","住宅ローン固選固定利幅"
"R_AUTHRSN2507","R_AUTHRSN",56,"2507","住宅ローン固定公的つ","住宅ローン固定公的つなぎ"
"R_AUTHRSN2508","R_AUTHRSN",57,"2508","住宅ローン固定","住宅ローン固定"
"R_AUTHRSN2509","R_AUTHRSN",58,"2509","住宅ローン固定","住宅ローン固定"
"R_AUTHRSN2510","R_AUTHRSN",127,"2510","住宅ローン中信ローン","住宅ローン中信ローン保証"
"R_AUTHRSN2511","R_AUTHRSN",128,"2511","住宅ローン団信","住宅ローン団信"
"R_AUTHRSN2512","R_AUTHRSN",129,"2512","住宅ローン一括実行扱","住宅ローン一括実行扱い"
"R_AUTHRSN2513","R_AUTHRSN",130,"2513","住宅ローン提携業者","住宅ローン提携業者"
"R_AUTHRSN2514","R_AUTHRSN",131,"2514","住宅ローン事業性融資","住宅ローン事業性融資"
"R_AUTHRSN2515","R_AUTHRSN",132,"2515","住宅ローン実行後残高","住宅ローン実行後残高"
"R_AUTHRSN2516","R_AUTHRSN",133,"2516","住宅ローン融資期間","住宅ローン融資期間"
"R_AUTHRSN2517","R_AUTHRSN",134,"2517","住宅ローン利率・利幅","住宅ローン利率・利幅"
"R_AUTHRSN2518","R_AUTHRSN",135,"2518","住宅ローン債務者年齢","住宅ローン債務者年齢超過"
"R_AUTHRSN2519","R_AUTHRSN",136,"2519","住宅ローンレートダウ","住宅ローンレートダウン"
"R_AUTHRSN2520","R_AUTHRSN",137,"2520","住宅ローン専決","住宅ローン専決"
"R_AUTHRSN2521","R_AUTHRSN",138,"2521","住宅ローンリテール金","住宅ローンリテール金利決裁条件付承認"
"R_AUTHRSN2522","R_AUTHRSN",140,"2522","住宅ローン据置・減額","住宅ローン据置・減額・延長以外の項目変更"
"R_AUTHRSN2523","R_AUTHRSN",141,"2523","住宅ローン据置・減額","住宅ローン据置・減額・延長以外"
"R_AUTHRSN2601","R_AUTHRSN",59,"2601","割引　一般貸","割引　一般貸"
"R_AUTHRSN2602","R_AUTHRSN",60,"2602","割引　極度額内","割引　極度額内"
"R_AUTHRSN2603","R_AUTHRSN",61,"2603","割引　極度額超","割引　極度額超"
"R_AUTHRSN2801","R_AUTHRSN",62,"2801","手貸　一般貸","手貸　一般貸"
"R_AUTHRSN2802","R_AUTHRSN",63,"2802","手貸　極度額内","手貸　極度額内"
"R_AUTHRSN2803","R_AUTHRSN",64,"2803","手貸　極度額超","手貸　極度額超"
"R_AUTHRSN2804","R_AUTHRSN",65,"2804","外為与信（輸出）　一","外為与信（輸出）　一般貸"
"R_AUTHRSN2805","R_AUTHRSN",66,"2805","外為与信（輸出）　極","外為与信（輸出）　極度額内"
"R_AUTHRSN2806","R_AUTHRSN",67,"2806","外為与信（輸出）　極","外為与信（輸出）　極度額超"
"R_AUTHRSN2807","R_AUTHRSN",68,"2807","外為与信（輸入）　一","外為与信（輸入）　一般貸"
"R_AUTHRSN2808","R_AUTHRSN",69,"2808","外為与信（輸入）　極","外為与信（輸入）　極度額内"
"R_AUTHRSN2809","R_AUTHRSN",70,"2809","外為与信（輸入）　極","外為与信（輸入）　極度額超"
"R_AUTHRSN2901","R_AUTHRSN",71,"2901","案件利率　府市制度利","案件利率　府市制度利率"
"R_AUTHRSN2902","R_AUTHRSN",72,"2902","案件利率　変動利幅","案件利率　変動利幅"
"R_AUTHRSN2903","R_AUTHRSN",73,"2903","案件利率　変動利幅","案件利率　変動利幅"
"R_AUTHRSN2904","R_AUTHRSN",74,"2904","案件利率　固定住宅買","案件利率　固定住宅買替"
"R_AUTHRSN2905","R_AUTHRSN",75,"2905","案件利率　固定公的つ","案件利率　固定公的つなぎ"
"R_AUTHRSN2907","R_AUTHRSN",76,"2907","案件利率　固定住宅","案件利率　固定住宅"
"R_AUTHRSN2908","R_AUTHRSN",77,"2908","案件利率　固定住宅以","案件利率　固定住宅以外"
"R_AUTHRSN2909","R_AUTHRSN",78,"2909","案件利率　固選利率","案件利率　固選利率"
"R_AUTHRSN2910","R_AUTHRSN",79,"2910","案件利率　固選変動利","案件利率　固選変動利幅"
"R_AUTHRSN2911","R_AUTHRSN",80,"2911","案件利率　固選固定利","案件利率　固選固定利幅"
"R_AUTHRSN2912","R_AUTHRSN",81,"2912","案件利率　固選利率","案件利率　固選利率"
"R_AUTHRSN2913","R_AUTHRSN",82,"2913","案件利率　固選変動利","案件利率　固選変動利幅"
"R_AUTHRSN2914","R_AUTHRSN",83,"2914","案件利率　固選固定利","案件利率　固選固定利幅"
"R_AUTHRSN2915","R_AUTHRSN",84,"2915","案件利率　その他","案件利率　その他"
"R_AUTHRSN2916","R_AUTHRSN",85,"2916","案件利率 TIBOR","案件利率 TIBOR"
"R_AUTHRSN3001","R_AUTHRSN",86,"3001","期間　長プラ都度","期間　長プラ都度"
"R_AUTHRSN3002","R_AUTHRSN",87,"3002","期間　運転","期間　運転"
"R_AUTHRSN3003","R_AUTHRSN",88,"3003","期間　設備","期間　設備"
"R_AUTHRSN3004","R_AUTHRSN",89,"3004","期間　消費","期間　消費"
"R_AUTHRSN3101","R_AUTHRSN",90,"3101","本部　外為","本部　外為"
"R_AUTHRSN3102","R_AUTHRSN",91,"3102","本部　債務者区分","本部　債務者区分"
"R_AUTHRSN3103","R_AUTHRSN",92,"3103","本部　割手不渡残高","本部　割手不渡残高"
"R_AUTHRSN3104","R_AUTHRSN",93,"3104","本部　協会保証流用","本部　協会保証流用"
"R_AUTHRSN3201","R_AUTHRSN",94,"3201","住宅変動　金利変更","住宅変動　金利変更"
"R_AUTHRSN3301","R_AUTHRSN",95,"3301","表債","表債"
"R_AUTHRSN3501","R_AUTHRSN",96,"3501","新規案件","新規案件"
"R_AUTHRSN3601","R_AUTHRSN",97,"3601","保全　担保不足","保全　担保不足"
"R_AUTHRSN3602","R_AUTHRSN",98,"3602","保全　その他担保","保全　その他担保"
"R_AUTHRSN3701","R_AUTHRSN",99,"3701","関連者　債務者区分","関連者　債務者区分"
"R_AUTHRSN3702","R_AUTHRSN",100,"3702","関連者　不渡り","関連者　不渡り"
"R_AUTHRSN3703","R_AUTHRSN",101,"3703","関連者　延滞","関連者　延滞"
"R_AUTHRSN3801","R_AUTHRSN",102,"3801","関連者　表債","関連者　表債"
"R_AUTHRSN3901","R_AUTHRSN",103,"3901","関連者保全　担保不足","関連者保全　担保不足"
"R_AUTHRSN3902","R_AUTHRSN",104,"3902","関連者保全　その他担","関連者保全　その他担保"
"R_AUTHRSN4001","R_AUTHRSN",105,"4001","本部該当理由なし","本部該当理由なし"
"R_AUTHRSN4101","R_AUTHRSN",106,"4101","条件付承認稟議","条件付承認稟議"
"R_AUTHRSN4201","R_AUTHRSN",107,"4201","再申請 返済条件変更","再申請 返済条件変更"
"R_AUTHRSN4202","R_AUTHRSN",108,"4202","再申請 返済条件変更","再申請 返済条件変更"
"R_AUTHRSN4203","R_AUTHRSN",109,"4203","固定金利 通期利幅戻","固定金利 通期利幅戻"
"R_AUTHRSN4204","R_AUTHRSN",110,"4204","内入れ戻し","内入れ戻し"
"R_AUTHRSN4205","R_AUTHRSN",111,"4205","レートダウン本申請","レートダウン本申請"
"R_AUTHRSN4301","R_AUTHRSN",117,"4301","債務者区分","債務者区分"
"R_AUTHRSN4302","R_AUTHRSN",118,"4302","関連者　債務者区分","関連者　債務者区分"
"R_AUTHRSN4401","R_AUTHRSN",119,"4401","極度期限延長","極度期限延長"
"R_AUTHRSN4402","R_AUTHRSN",120,"4402","極度期限延長","極度期限延長"
"R_AUTHRSN4403","R_AUTHRSN",121,"4403","極度期限延長","極度期限延長"
"R_AUTHRSN4404","R_AUTHRSN",122,"4404","極度期限延長","極度期限延長"
"R_AUTHRSN4501","R_AUTHRSN",123,"4501","保全充足先","保全充足先"
"R_AUTHRSN4502","R_AUTHRSN",124,"4502","保全充足先","保全充足先"
"R_AUTHRSN4503","R_AUTHRSN",125,"4503","保全充足先","保全充足先"
"R_AUTHRSN4504","R_AUTHRSN",126,"4504","保全充足先","保全充足先"
"R_CLAIMINFO1","R_CLAIMINFO",1,"1","変","変動金利"
"R_CLAIMINFO2","R_CLAIMINFO",2,"2","保","特定保証人"
"R_CLAIMINFO3","R_CLAIMINFO",3,"3","禁","禁止表示"
"R_CLAIMINFO4","R_CLAIMINFO",4,"4","代","代弁表示"
"R_CLAIMINFO5","R_CLAIMINFO",5,"5","償","償却予定表示"
"R_CLAIMINFO6","R_CLAIMINFO",6,"6","延","延滞表示"
"R_CLAIMINFO7","R_CLAIMINFO",7,"7","協","協会協調融資"
"R_CLAIMINFO8","R_CLAIMINFO",8,"8","違","違約金条項対象口座"
"R_COMMSIONDIV1","R_COMMSIONDIV",1,"1","不要","不要"
"R_CONFIRM1","R_CONFIRM",1,"1","済","済"
"R_CONFIRM2","R_CONFIRM",2,"2","未済","未済"
"R_CURRENCY1","R_CURRENCY",1,"1","米ドル","米ドル　ＵＳＤ"
"R_CURRENCY10","R_CURRENCY",10,"11","デンマーク・クローネ","デンマーク・クローネ　ＤＫＲ"
"R_CURRENCY11","R_CURRENCY",11,"13","ノルウェー・クローネ","ノルウェー・クローネ　ＮＫＲ"
"R_CURRENCY16","R_CURRENCY",15,"15","オーストラリア・ドル","オーストラリア・ドル　ＡＵＤ"
"R_CURRENCY17","R_CURRENCY",16,"18","香港・ドル","香港・ドル　ＨＫＤ"
"R_CURRENCY18","R_CURRENCY",17,"23","シンガポール・ドル","シンガポール・ドル　ＳＧＤ"
"R_CURRENCY19","R_CURRENCY",18,"19","ﾆｭｰｼﾞｰﾗﾝﾄﾞ･ﾄﾞﾙ","ニュージーランド･ドル　ＮＺＤ"
"R_CURRENCY2","R_CURRENCY",2,"2","英ポンド","英ポンド　ＳＴＧ"
"R_CURRENCY24","R_CURRENCY",20,"21","インド・ルピー","インド・ルピー　ＩＮＲ"
"R_CURRENCY28","R_CURRENCY",21,"25","タイ・バーツ","タイ・バーツ　ＴＨＢ"
"R_CURRENCY3","R_CURRENCY",3,"4","スイス・フラン","スイス・フラン　ＳＦＲ"
"R_CURRENCY6","R_CURRENCY",6,"16","中国・元","中国・元　ＲＭＢ"
"R_CURRENCY7","R_CURRENCY",7,"3","カナダ・ドル","カナダ・ドル　ＣＡＤ"
"R_CURRENCY9","R_CURRENCY",9,"6","ｽｳｪｰﾃﾞﾝ･ｸﾛｰﾈ","スウェーデン･クローネ　ＳＫＲ"
"R_CURRENCY98","R_CURRENCY",22,"49","ユーロ","ユーロ　ＥＵＲ"
"R_CURRENCY99","R_CURRENCY",23,"50","円","円　ＹＥＮ"
"R_DANSHIN01","R_DANSHIN",1,"01","死亡、高度障害","死亡、高度障害"
"R_DANSHIN02","R_DANSHIN",2,"02","ガン保障付き","ガン保障付き"
"R_DANSHIN03","R_DANSHIN",3,"03","三大付き","三大付き"
"R_DANSHIN04","R_DANSHIN",4,"04","八大付き","八大付き"
"R_DANSHIN99","R_DANSHIN",5,"99","その他","その他"
"R_DANSINKBN1","R_DANSINKBN",1,"1","住宅","住宅"
"R_DANSINKBN2","R_DANSINKBN",2,"2","協会","協会"
"R_DANSINKBN3","R_DANSINKBN",3,"3","事業性","事業性"
"R_DEBTFORM1","R_DEBTFORM",1,"1","単独","単独"
"R_DEBTFORM2","R_DEBTFORM",2,"2","連帯","連帯"
"R_DEBTFORM3","R_DEBTFORM",3,"3","単独（複数建）","単独（複数建）"
"R_DEBTORGANIZ01","R_DEBTORGANIZ",1,"01","私的整理・廃業","私的整理・廃業"
"R_DEBTORGANIZ02","R_DEBTORGANIZ",2,"02","法的整理の開始決定","法的整理の開始決定"
"R_DEBTORGANIZ03","R_DEBTORGANIZ",3,"03","法的整理　弁護士取下","法的整理　代理人弁護士からの取下依頼"
"R_DEBTORGANIZ04","R_DEBTORGANIZ",4,"04","法的整理　本人取下","法的整理　本人からの取下依頼"
"R_DEBTORRELATE1","R_DEBTORRELATE",1,"1","代表者","債務者との関係 - 代表者"
"R_DEBTORRELATE2","R_DEBTORRELATE",2,"2","役員","債務者との関係 - 役員"
"R_DEBTORRELATE3","R_DEBTORRELATE",3,"3","社員","債務者との関係 - 社員"
"R_DEBTORRELATE4","R_DEBTORRELATE",4,"4","家族","債務者との関係 - 家族"
"R_DEBTORRELATE5","R_DEBTORRELATE",5,"5","関連会社","債務者との関係 - 関連会社"
"R_DEBTORRELATE6","R_DEBTORRELATE",6,"6","取引先","債務者との関係 - 取引先"
"R_DEBTORRELATE7","R_DEBTORRELATE",7,"7","第三者","債務者との関係 - 第三者"
"R_DOCUMENTKBN1","R_DOCUMENTKBN",1,"1","申込添付資料","融資申込添付資料"
"R_DOCUMENTKBN2","R_DOCUMENTKBN",2,"2","結果通知書","審査結果通知書"
"R_EXECBANK01","R_EXECBANK",1,"01","京都銀行","京都銀行"
"R_EXECBANK02","R_EXECBANK",2,"02","京都信用金庫","京都信用金庫"
"R_EXECBANK03","R_EXECBANK",3,"03","京都北都信用金庫","京都北都信用金庫"
"R_EXECBANK04","R_EXECBANK",4,"04","滋賀銀行","滋賀銀行"
"R_EXECBANK05","R_EXECBANK",5,"05","南都銀行","南都銀行"
"R_EXECBANK06","R_EXECBANK",6,"06","関西みらい銀行","関西みらい銀行"
"R_EXECBANK07","R_EXECBANK",7,"07","三井住友銀行","三井住友銀行"
"R_EXECBANK08","R_EXECBANK",8,"08","三菱UFJ銀行","三菱UFJ銀行"
"R_EXECBANK09","R_EXECBANK",9,"09","みずほ銀行","みずほ銀行"
"R_EXECBANK10","R_EXECBANK",10,"10","りそな銀行","りそな銀行"
"R_EXECBANK11","R_EXECBANK",11,"11","三井住友信託銀行","三井住友信託銀行"
"R_EXECBANK12","R_EXECBANK",12,"12","三菱UFJ信託銀行","三菱UFJ信託銀行"
"R_EXECBANK13","R_EXECBANK",13,"13","みずほ信託銀行","みずほ信託銀行"
"R_EXECBANK14","R_EXECBANK",14,"14","JA等(農協、漁協)","JA等(農協、漁協)"
"R_EXECBANK15","R_EXECBANK",15,"15","日本政策金融公庫","日本政策金融公庫"
"R_EXECBANK16","R_EXECBANK",16,"16","商工組合中央金庫","商工組合中央金庫"
"R_EXECBANK17","R_EXECBANK",17,"17","労働金庫(ろうきん)","労働金庫(ろうきん)"
"R_EXECBANK18","R_EXECBANK",18,"18","ネット銀行(各種)","ネット銀行(各種)"
"R_EXECBANK19","R_EXECBANK",19,"19","その他","その他"
"R_EXECBANK99","R_EXECBANK",20,"99","不明","不明"
"R_GUARANTEE1","R_GUARANTEE",1,"1","先払い","先払い"
"R_GUARANTEE2","R_GUARANTEE",2,"2","後払い","後払い"
"R_GUARANTEE3","R_GUARANTEE",3,"3","無し","無し"
"R_HENSAIHOU1","R_HENSAIHOU",1,"1","期日一括","期日一括"
"R_HENSAIHOU2","R_HENSAIHOU",2,"2","元金均等","元金均等"
"R_HENSAIHOU3","R_HENSAIHOU",3,"3","商担返済","商担返済"
"R_HENSAIHOU4","R_HENSAIHOU",4,"4","元利均等","元利均等"
"R_HENSAIHOU5","R_HENSAIHOU",5,"5","定型外返済","定型外返済"
"R_HENSAIHOU7","R_HENSAIHOU",99,"7","ステップ償還","ステップ償還"
"R_HENSAIHOU8","R_HENSAIHOU",6,"8","約定","約定"
"R_HENSAIHOU9","R_HENSAIHOU",7,"9","随時","随時"
"R_HININRIYU01","R_HININRIYU",1,"01","資金使途","否認理由-資金使途"
"R_HININRIYU02","R_HININRIYU",2,"02","返済財源","否認理由-返済財源"
"R_HININRIYU03","R_HININRIYU",2,"03","保全","否認理由-保全"
"R_HININRIYU99","R_HININRIYU",3,"99","その他","否認理由-その他"
"R_HONBUSYOKEN1","R_HONBUSYOKEN",1,"1","取締役会決裁","取締役会決裁"
"R_HONBUSYOKEN2","R_HONBUSYOKEN",2,"2","経営会議決裁","経営会議決裁"
"R_HONBUSYOKEN3","R_HONBUSYOKEN",3,"3","頭取決裁","頭取決裁"
"R_HONBUSYOKEN4","R_HONBUSYOKEN",4,"4","担当役員決裁","担当役員決裁"
"R_HONBUSYOKEN5","R_HONBUSYOKEN",5,"5","担当部長決裁","担当部長決裁"
"R_HONBUSYOKEN6","R_HONBUSYOKEN",8,"6","上席審査役決裁","上席審査役決裁"
"R_HONBUSYOKEN7","R_HONBUSYOKEN",9,"7","審査役決裁","審査役決裁"
"R_HONBUSYOKEN8","R_HONBUSYOKEN",6,"8","審査部決裁","審査部決裁"
"R_HONBUSYOKEN9","R_HONBUSYOKEN",7,"9","債権管理部決裁","債権管理部決裁"
"R_HOSYOKBN0","R_HOSYOKBN",1,"0","なし","なし"
"R_HOSYOKBN1","R_HOSYOKBN",1,"1","協会優先","協会優先"
"R_HOSYOKBN2","R_HOSYOKBN",2,"2","金庫優先","金庫優先"
"R_HOSYOKBN3","R_HOSYOKBN",3,"3","抵当権","抵当権"
"R_HOSYOKBN4","R_HOSYOKBN",4,"4","求償権","求償権"
"R_HOSYOKEISIKI1","R_HOSYOKEISIKI",1,"1","包括根保証","包括根保証"
"R_HOSYOKEISIKI2","R_HOSYOKEISIKI",2,"2","限定根保証","限定根保証"
"R_HOSYOKEISIKI3","R_HOSYOKEISIKI",3,"3","特定債務保証","特定債務保証"
"R_HOSYOKKNSYU01","R_HOSYOKKNSY",1,"01","保証協会","保証協会"
"R_HOSYOKKNSYU02","R_HOSYOKKNSY",2,"02","系列住宅保証会社","系列住宅保証会社"
"R_HOSYOKKNSYU99","R_HOSYOKKNSY",3,"99","その他保証","その他保証"
"R_HOSYOKKNUMU01","R_HOSYOKKNUMU",1,"01","保証機関保証なし","保証機関保証なし"
"R_HOSYOKKNUMU02","R_HOSYOKKNUMU",2,"02","保証機関保証あり","保証機関保証あり"
"R_HOSYONINSYU01","R_HOSYONINSYU",1,"01","代表者のみ","代表者のみ"
"R_HOSYONINSYU02","R_HOSYONINSYU",2,"02","代表者以外要","代表者以外要"
"R_HOSYONINUMU01","R_GUARANTOR",1,"01","保証人なし","保証人なし"
"R_HOSYONINUMU02","R_GUARANTOR",2,"02","保証人あり","保証人あり"
"R_HOSYORITSU00","R_HOSYORITSU",1,"+0000100","0.1","基本条件補記画面の保証料率0.1"
"R_HOSYORITSU01","R_HOSYORITSU",3,"+0000200","0.2","基本条件補記画面の保証料率0.2"
"R_HOSYORITSU02","R_HOSYORITSU",4,"+0000300","0.3","基本条件補記画面の保証料率0.3"
"R_HOSYORITSU03","R_HOSYORITSU",5,"+0000400","0.4","基本条件補記画面の保証料率0.4"
"R_HOSYORITSU04","R_HOSYORITSU",6,"+0001500","1.5","基本条件補記画面の保証料率1.5"
"R_HOSYORITSU05","R_HOSYORITSU",0,"+0000080","0.08","基本条件補記画面の保証料率0.08"
"R_HOSYORITSU06","R_HOSYORITSU",2,"+0000150","0.15","基本条件補記画面の保証料率0.15"
"R_HOSYORYO01","R_HOSYORYO",1,"01","保証料率","保証料率"
"R_HOSYORYO02","R_HOSYORYO",2,"02","保証料後払い","保証料後払い"
"R_HOSYORYO03","R_HOSYORYO",3,"03","保証料手数料型","保証料手数料型"
"R_HOSYORYO04","R_HOSYORYO",4,"04","保証料なし","保証料なし"
"R_HOSYORYO99","R_HOSYORYO",5,"99","保証料その他","保証料その他"
"R_HOSYOSYURUI1","R_HOSYOSYURUI",1,"1","個人保証","個人保証"
"R_HOSYOSYURUI2","R_HOSYOSYURUI",2,"2","法人等その他保証","法人等その他保証"
"R_HOUKATU99","R_HOUKATU",1,"99","包括","包括"
"R_HOUKOKU1","R_HOUKOKU",1,"1","設定","設定"
"R_HOUKOKU2","R_HOUKOKU",2,"2","変更","変更"
"R_HOZEN01","R_HOZEN",1,"01","無担保無保証人","無担保無保証人"
"R_HOZEN02","R_HOZEN",2,"02","保証人","保証人"
"R_HOZEN03","R_HOZEN",3,"03","不動産","不動産"
"R_HOZEN04","R_HOZEN",4,"04","保証機関","保証機関"
"R_HOZEN99","R_HOZEN",5,"99","その他","その他"
"R_IKKATUATUKAI1","R_IKKATUATUKAI",1,"1","有","一括実行扱い：有"
"R_IKKATUATUKAI2","R_IKKATUATUKAI",2,"2","無","一括実行扱い：無"
"R_INSURANCE1","R_INSURANCE",1,"1","住友生命","住友生命"
"R_INSURANCE13","R_INSURANCE",23,"13","ガン入院保障","カーディフ【新ﾗｲﾄﾌﾟﾗﾝ　入院保障】"
"R_INSURANCE14","R_INSURANCE",24,"14","ガン配偶者特約","カーディフ【新ﾗｲﾄﾌﾟﾗﾝ　入院保障＋配偶者特約】"
"R_INSURANCE15","R_INSURANCE",25,"15","三大配偶者特約","カーディフ【新充実ﾌﾟﾗﾝ　配偶者特約】"
"R_INSURANCE16","R_INSURANCE",27,"16","女性ガン","カーディフ【女性向けﾗｲﾄﾌﾟﾗﾝ　入院保障＋一時金】"
"R_INSURANCE17","R_INSURANCE",28,"17","女性三大","カーディフ【女性向け充実ﾌﾟﾗﾝ　入院一時金】"
"R_INSURANCE18","R_INSURANCE",2,"18","住友生命連生","住友生命【夫婦連生団信】"
"R_INSURANCE19","R_INSURANCE",26,"19","カーディフ連生","カーディフ【夫婦連生団信】"
"R_INSURANCE2","R_INSURANCE",22,"2","三大0.15","カーディフ【充実プラン】キャンペーン（+0.15％）"
"R_INSURANCE20","R_INSURANCE",14,"20","全国保証特約付","全国保証【リビングニーズ特約付】"
"R_INSURANCE21","R_INSURANCE",3,"21","八大0.3","充実プラン"
"R_INSURANCE22","R_INSURANCE",4,"22","八大0.15","充実プラン"
"R_INSURANCE23","R_INSURANCE",5,"23","全疾病0.45","全疾病保証プラン"
"R_INSURANCE24","R_INSURANCE",6,"24","全疾病0.3","全疾病保証プラン"
"R_INSURANCE25","R_INSURANCE",7,"25","ガン入院保障②","カーディフ【新ﾗｲﾄﾌﾟﾗﾝ　入院保障】"
"R_INSURANCE26","R_INSURANCE",8,"26","ガン配偶者特約②","カーディフ【新ﾗｲﾄﾌﾟﾗﾝ　入院保障＋配偶者特約】"
"R_INSURANCE27","R_INSURANCE",9,"27","八大配偶者特約","カーディフ【新充実ﾌﾟﾗﾝ　配偶者特約】"
"R_INSURANCE28","R_INSURANCE",10,"28","全疾病配偶者特","全疾病保証プラン【配偶者特約】"
"R_INSURANCE29","R_INSURANCE",11,"29","ガン連生②","カーディフ【夫婦連生団信】"
"R_INSURANCE30","R_INSURANCE",17,"30","不動産担保ローン一般","カーディフ【不動産担保ローン用　死亡・高度障害・リビングニーズ】"
"R_INSURANCE31","R_INSURANCE",18,"31","不動産担保ローンガン","カーディフ【不動産担保ローン用　一般団信＋ガン保障・入院保障】"
"R_INSURANCE32","R_INSURANCE",12,"32","カーディフ一般","カーディフ【死亡・高度障害・リビングニーズ特約】"
"R_INSURANCE33","R_INSURANCE",13,"33","一般連生","カーディフ【連生団信（連帯債務者100%保障）】"
"R_INSURANCE4","R_INSURANCE",15,"4","その他","その他"
"R_INSURANCE5","R_INSURANCE",16,"5","付保なし","付保なし"
"R_INSURANCE71","R_INSURANCE",19,"71","カーディフ事業性一般","カーディフ事業性一般"
"R_INSURANCE72","R_INSURANCE",20,"72","カーディフ事業性ガン","カーディフ事業性ガン"
"R_INSURANCE8","R_INSURANCE",21,"8","三大0.3","カーディフ【充実プラン】通常（+0.30％）"
"R_INSURED0","R_INSURED",0,"0","なし","なし"
"R_INSURED1","R_INSURED",1,"1","個別保証","個別保証"
"R_JIFURI1","R_JIFURI",1,"1","当","当座"
"R_JIFURI2","R_JIFURI",2,"2","普","普通"
"R_JIGYOHYOKA0","R_JIGYOHYOKA",1,"0","該当しない","該当しない"
"R_JIGYOHYOKA1","R_JIGYOHYOKA",2,"1","成長発展支援融資","成長発展支援融資"
"R_JIGYOHYOKA2","R_JIGYOHYOKA",3,"2","本業支援申請","本業支援申請"
"R_JIKO1","R_JIKO",1,"1","死亡","死亡"
"R_JIKO10","R_JIKO",99,"10","証書・通帳盗難","証書・通帳盗難"
"R_JIKO11","R_JIKO",99,"11","証書・通帳紛失","証書・通帳紛失"
"R_JIKO12","R_JIKO",99,"12","本人カード盗難","本人カード盗難"
"R_JIKO13","R_JIKO",99,"13","本人カード紛失","本人カード紛失"
"R_JIKO14","R_JIKO",99,"14","代理人カード盗難","代理人カード盗難"
"R_JIKO15","R_JIKO",99,"15","代理人カード紛失","代理人カード紛失"
"R_JIKO16","R_JIKO",99,"16","第三者質権","第三者質権"
"R_JIKO17","R_JIKO",99,"17","転付命令","転付命令"
"R_JIKO18","R_JIKO",99,"18","差押・仮差押","差押・仮差押"
"R_JIKO19","R_JIKO",99,"19","小切手盗難","小切手盗難"
"R_JIKO2","R_JIKO",99,"2","旧破産・法手続中","旧破産・法手続中"
"R_JIKO20","R_JIKO",99,"20","小切手紛失","小切手紛失"
"R_JIKO21","R_JIKO",99,"21","手形盗難","手形盗難"
"R_JIKO22","R_JIKO",99,"22","手形紛失","手形紛失"
"R_JIKO23","R_JIKO",99,"23","為替手形盗難","為替手形盗難"
"R_JIKO24","R_JIKO",99,"24","為替手形紛失","為替手形紛失"
"R_JIKO3","R_JIKO",3,"3","取引停止処分","取引停止処分"
"R_JIKO31","R_JIKO",14,"31","顧客全取引停止","顧客全取引停止"
"R_JIKO32","R_JIKO",99,"32","顧客ＣＤ使用取引停止","顧客ＣＤ使用取引停止"
"R_JIKO33","R_JIKO",99,"33","顧客ＣＤ以外取引停止","顧客ＣＤ以外取引停止"
"R_JIKO34","R_JIKO",99,"34","口座全取引停止","口座全取引停止"
"R_JIKO35","R_JIKO",99,"35","口座ＣＤ使用取引停止","口座ＣＤ使用取引停止"
"R_JIKO36","R_JIKO",99,"36","口座ＣＤ以外取引停止","口座ＣＤ以外取引停止"
"R_JIKO4","R_JIKO",11,"4","共通印鑑盗難","共通印鑑盗難"
"R_JIKO40","R_JIKO",8,"40","第一回不渡","第一回不渡"
"R_JIKO41","R_JIKO",9,"41","期限利益喪失","期限利益喪失"
"R_JIKO42","R_JIKO",10,"42","除名","除名"
"R_JIKO43","R_JIKO",15,"43","共通印鑑不鮮明","共通印鑑不鮮明"
"R_JIKO44","R_JIKO",16,"44","共通印鑑届無","共通印鑑届無"
"R_JIKO47","R_JIKO",5,"47","元本確定","元本確定"
"R_JIKO48","R_JIKO",4,"48","融資資格なし","融資資格なし"
"R_JIKO49","R_JIKO",6,"49","保証人死亡","保証人死亡"
"R_JIKO5","R_JIKO",12,"5","共通印鑑紛失","共通印鑑紛失"
"R_JIKO50","R_JIKO",99,"50","個別印鑑不鮮明","個別印鑑不鮮明"
"R_JIKO51","R_JIKO",99,"51","個別印鑑届無","個別印鑑届無"
"R_JIKO52","R_JIKO",99,"52","強制脱退未回収","強制脱退未回収"
"R_JIKO53","R_JIKO",99,"53","証券預り","証券預り"
"R_JIKO6","R_JIKO",13,"6","共通印鑑改印手続","共通印鑑改印手続"
"R_JIKO60","R_JIKO",2,"60","任意整理","任意整理"
"R_JIKO61","R_JIKO",2,"61","破産","破産"
"R_JIKO62","R_JIKO",2,"62","特別清算","特別清算"
"R_JIKO63","R_JIKO",2,"63","会社更生","会社更生"
"R_JIKO64","R_JIKO",2,"64","特定調停","特定調停"
"R_JIKO65","R_JIKO",2,"65","民事再生","民事再生"
"R_JIKO66","R_JIKO",2,"66","個人再生","個人再生"
"R_JIKO67","R_JIKO",2,"67","認可決定","認可決定"
"R_JIKO7","R_JIKO",99,"7","個別印鑑盗難","個別印鑑盗難"
"R_JIKO8","R_JIKO",99,"8","個別印鑑紛失","個別印鑑紛失"
"R_JIKO9","R_JIKO",99,"9","個別印鑑改印手続","個別印鑑改印手続"
"R_JIKO91","R_JIKO",99,"91","全額払戻禁止","全額払戻禁止"
"R_JIKO92","R_JIKO",99,"92","一部払戻禁止","一部払戻禁止"
"R_JIKO98","R_JIKO",7,"98","代位弁済先","代位弁済先"
"R_JOINTDEBT1","R_JOINTDEBT",1,"1","親","親"
"R_JOINTDEBT2","R_JOINTDEBT",2,"2","子","子"
"R_JOINTDEBT3","R_JOINTDEBT",3,"3","配偶者（婚約者）","配偶者（婚約者）"
"R_JOINTDEBT4","R_JOINTDEBT",4,"4","兄弟（姉妹）","兄弟（姉妹）"
"R_JOINTDEBT5","R_JOINTDEBT",5,"5","他の親族","他の親族"
"R_JOINTDEBT6","R_JOINTDEBT",6,"6","その他","その他"
"R_JOKENKUBN1","R_JOKENKUBN",1,"1","条件","条件区分-条件"
"R_JOKENKUBN2","R_JOKENKUBN",2,"2","指示","条件区分-指示"
"R_JOKENKUBN4","R_JOKENKUBN",4,"4","回答書回覧","条件区分-回答書回覧"
"R_JOKENKUBN5","R_JOKENKUBN",5,"5","実行予定","条件区分-実行予定"
"R_JOKENKUBN6","R_JOKENKUBN",3,"6","仮承認","条件区分-仮承認"
"R_JOKENSYURUI1","R_JOKENSYURUI",1,"1","決裁条件","決裁条件"
"R_JOKENSYURUI2","R_JOKENSYURUI",2,"2","事後条件","事後条件"
"R_KAIINKB1","R_KAIINKB",1,"1","純預担","純預担"
"R_KAIINKB2","R_KAIINKB",2,"2","卒業生","卒業生"
"R_KAIINKB3","R_KAIINKB",3,"3","小口員外","小口員外"
"R_KAIINKB4","R_KAIINKB",4,"4","公共団体","公共団体"
"R_KAIINKB5","R_KAIINKB",5,"5","住宅供給公社","住宅供給公社"
"R_KAIINKB6","R_KAIINKB",6,"6","金融機関","金融機関"
"R_KAIINKB7","R_KAIINKB",7,"7","雇用促進事業団","雇用促進事業団"
"R_KAIINKB9","R_KAIINKB",8,"9","実質会員","実質会員"
"R_KANKAKU0","R_KANKAKU",7,"0","一括","一括"
"R_KANKAKU1","R_KANKAKU",1,"1","１ヵ月","１ヵ月"
"R_KANKAKU12","R_KANKAKU",6,"12","１２ヵ月","１２ヵ月"
"R_KANKAKU2","R_KANKAKU",2,"2","２ヵ月","２ヵ月"
"R_KANKAKU3","R_KANKAKU",3,"3","３ヵ月","３ヵ月"
"R_KANKAKU4","R_KANKAKU",4,"4","４ヵ月","４ヵ月"
"R_KANKAKU6","R_KANKAKU",5,"6","６ヵ月","６ヵ月"
"R_KANRIAREA1","R_KANRIAREA",1,"1","重点","重点"
"R_KANRIAREA2","R_KANRIAREA",2,"2","一般","一般"
"R_KANRIAREA3","R_KANRIAREA",2,"3","他","他"
"R_KANRYOUKBN1","R_KANRYOUKBN",1,"1","未完了","未完了"
"R_KANRYOUKBN2","R_KANRYOUKBN",2,"2","完了","完了"
"R_KANSAINEN00","R_KANSAINEN",2,"00","その他","その他"
"R_KANSAINEN80","R_KANSAINEN",1,"80","80歳","80歳"
"R_KARIKAEKBN1","R_KARIKAEKBN",1,"1","当庫","当庫"
"R_KARIKAEKBN2","R_KARIKAEKBN",2,"2","他行","他行"
"R_KARIKAEKBN3","R_KARIKAEKBN",3,"3","事業譲受","事業譲受"
"R_KARIKAEKBN4","R_KARIKAEKBN",4,"4","みやこ譲受債権","みやこ譲受債権"
"R_KARIKAEKBN5","R_KARIKAEKBN",5,"5","南京都譲受債権","南京都譲受債権"
"R_KARIKAEKBN6","R_KARIKAEKBN",6,"6","二信金譲受債権","二信金譲受債権"
"R_KESSAIKENGE1","R_KESSAIKENGE",2,"1","支店決裁","支店決裁"
"R_KESSAIKENGE2","R_KESSAIKENGE",3,"2","本部決裁","本部決裁"
"R_KESSAIKENGE3","R_KESSAIKENGE",1,"3","未判定","未判定"
"R_KIANSYURUI01","R_KIANSYURUI",1,"01","新規","新規"
"R_KIANSYURUI03","R_KIANSYURUI",2,"03","条件変更稟議","条件変更稟議"
"R_KIANSYURUI04","R_KIANSYURUI",3,"04","本稟議","本稟議"
"R_KIANSYURUI05","R_KIANSYURUI",4,"05","再利用","再利用"
"R_KIANSYURUI06","R_KIANSYURUI",5,"06","再申請","再申請"
"R_KINRIKBN10","R_KINRIKBN",6,"10","固定１０年","固定１０年"
"R_KINRIKBN15","R_KINRIKBN",7,"15","固定１５年","固定１５年"
"R_KINRIKBN2","R_KINRIKBN",2,"2","固定２年","固定２年"
"R_KINRIKBN20","R_KINRIKBN",8,"20","固定２０年","固定２０年（2013/7/3～）"
"R_KINRIKBN3","R_KINRIKBN",3,"3","固定３年","固定３年"
"R_KINRIKBN5","R_KINRIKBN",4,"5","固定５年","固定５年"
"R_KINRIKBN7","R_KINRIKBN",5,"7","固定７年","固定７年（2025/7～）"
"R_KINRIKBN99","R_KINRIKBN",9,"99","変動","変動"
"R_KINRINENGEN1","R_KINRINENGEN",1,"1","変動金利","変動金利"
"R_KINRINENGEN2","R_KINRINENGEN",2,"2","期間１年以内","期間１年以内"
"R_KINRINENGEN3","R_KINRINENGEN",3,"3","期間１年超３年以内","期間１年超３年以内"
"R_KINRINENGEN4","R_KINRINENGEN",4,"4","期間３年超５年以内","期間３年超５年以内"
"R_KINRINENGEN5","R_KINRINENGEN",5,"5","期間５年超","期間５年超"
"R_KTYSI_KIKAN01","R_KTYSI_KIKAN",1,"01","1","1年"
"R_KTYSI_KIKAN02","R_KTYSI_KIKAN",2,"02","2","2年"
"R_KTYSI_KIKAN03","R_KTYSI_KIKAN",3,"03","3","3年"
"R_KTYSI_KIKAN04","R_KTYSI_KIKAN",4,"04","4","4年"
"R_KTYSI_KIKAN05","R_KTYSI_KIKAN",5,"05","5","5年"
"R_KTYSI_KIKAN06","R_KTYSI_KIKAN",6,"06","6","6年"
"R_KTYSI_KIKAN07","R_KTYSI_KIKAN",7,"07","7","7年"
"R_KTYSI_KIKAN08","R_KTYSI_KIKAN",8,"08","8","8年"
"R_KTYSI_KIKAN09","R_KTYSI_KIKAN",9,"09","9","9年"
"R_KTYSI_KIKAN10","R_KTYSI_KIKAN",10,"10","10","10年"
"R_KTYSI_KIKAN11","R_KTYSI_KIKAN",11,"11","11","11年"
"R_KTYSI_KIKAN12","R_KTYSI_KIKAN",12,"12","12","12年"
"R_KTYSI_KIKAN13","R_KTYSI_KIKAN",13,"13","13","13年"
"R_KTYSI_KIKAN14","R_KTYSI_KIKAN",14,"14","14","14年"
"R_KTYSI_KIKAN15","R_KTYSI_KIKAN",15,"15","15","15年"
"R_KTYSI_KIKAN16","R_KTYSI_KIKAN",16,"16","16","16年"
"R_KTYSI_KIKAN17","R_KTYSI_KIKAN",17,"17","17","17年"
"R_KTYSI_KIKAN18","R_KTYSI_KIKAN",18,"18","18","18年"
"R_KTYSI_KIKAN19","R_KTYSI_KIKAN",19,"19","19","19年"
"R_KTYSI_KIKAN20","R_KTYSI_KIKAN",20,"20","20","20年"
"R_KTYSI_KIKAN21","R_KTYSI_KIKAN",21,"21","21","21年"
"R_KTYSI_KIKAN22","R_KTYSI_KIKAN",22,"22","22","22年"
"R_KTYSI_KIKAN23","R_KTYSI_KIKAN",23,"23","23","23年"
"R_KTYSI_KIKAN24","R_KTYSI_KIKAN",24,"24","24","24年"
"R_KTYSI_KIKAN25","R_KTYSI_KIKAN",25,"25","25","25年"
"R_KTYSI_KIKAN26","R_KTYSI_KIKAN",26,"26","26","26年"
"R_KTYSI_KIKAN27","R_KTYSI_KIKAN",27,"27","27","27年"
"R_KTYSI_KIKAN28","R_KTYSI_KIKAN",28,"28","28","28年"
"R_KTYSI_KIKAN29","R_KTYSI_KIKAN",29,"29","29","29年"
"R_KTYSI_KIKAN30","R_KTYSI_KIKAN",30,"30","30","30年"
"R_KTYSI_KIKAN31","R_KTYSI_KIKAN",31,"31","31","31年"
"R_KTYSI_KIKAN32","R_KTYSI_KIKAN",32,"32","32","32年"
"R_KTYSI_KIKAN33","R_KTYSI_KIKAN",33,"33","33","33年"
"R_KTYSI_KIKAN34","R_KTYSI_KIKAN",34,"34","34","34年"
"R_KTYSI_KIKAN35","R_KTYSI_KIKAN",35,"35","35","35年"
"R_KTYSI_KIKAN36","R_KTYSI_KIKAN",36,"36","36","36年"
"R_KTYSI_KIKAN37","R_KTYSI_KIKAN",37,"37","37","37年"
"R_KTYSI_KIKAN38","R_KTYSI_KIKAN",38,"38","38","38年"
"R_KTYSI_KIKAN39","R_KTYSI_KIKAN",39,"39","39","39年"
"R_KTYSI_KIKAN40","R_KTYSI_KIKAN",40,"40","40","40年"
"R_LOANTYPE10","R_LOANTYPE",99,"10","学資当貸","学資当貸"
"R_LOANTYPE100","R_LOANTYPE",99,"100","住宅先取","住宅先取"
"R_LOANTYPE101","R_LOANTYPE",99,"101","一般住宅","一般住宅"
"R_LOANTYPE102","R_LOANTYPE",99,"102","優遇住宅","優遇住宅"
"R_LOANTYPE103","R_LOANTYPE",99,"103","特例住宅","特例住宅"
"R_LOANTYPE104","R_LOANTYPE",99,"104","借換住宅","借換住宅"
"R_LOANTYPE120","R_LOANTYPE",99,"120","ＳＣＢ住宅先取","ＳＣＢ住宅先取"
"R_LOANTYPE121","R_LOANTYPE",99,"121","ＳＣＢ一般住宅","ＳＣＢ一般住宅"
"R_LOANTYPE122","R_LOANTYPE",99,"122","ＳＣＢ優遇住宅","ＳＣＢ優遇住宅"
"R_LOANTYPE124","R_LOANTYPE",99,"124","ＳＣＢ借換住宅","ＳＣＢ借換住宅"
"R_LOANTYPE150","R_LOANTYPE",99,"150","住宅後取","住宅後取"
"R_LOANTYPE170","R_LOANTYPE",99,"170","ワイド先取","ワイド先取"
"R_LOANTYPE175","R_LOANTYPE",99,"175","ワイド後取","ワイド後取"
"R_LOANTYPE180","R_LOANTYPE",99,"180","ワイドフリー先","ワイドフリー先"
"R_LOANTYPE185","R_LOANTYPE",99,"185","ワイドフリー後","ワイドフリー後"
"R_LOANTYPE190","R_LOANTYPE",99,"190","ワイド枠","ワイド枠"
"R_LOANTYPE200","R_LOANTYPE",1,"200","マイライフ","マイライフ"
"R_LOANTYPE201","R_LOANTYPE",99,"201","旧保険先取","旧保険先取"
"R_LOANTYPE202","R_LOANTYPE",99,"202","定積先取","定積先取"
"R_LOANTYPE203","R_LOANTYPE",99,"203","カーリース先取","カーリース先取"
"R_LOANTYPE204","R_LOANTYPE",2,"204","切替プラン","切替プラン"
"R_LOANTYPE220","R_LOANTYPE",99,"220","ＳＣＢ個人先取","ＳＣＢ個人先取"
"R_LOANTYPE221","R_LOANTYPE",99,"221","ＳＣＢカー先取","ＳＣＢカー先取"
"R_LOANTYPE222","R_LOANTYPE",99,"222","ＳＣＢカー後取","ＳＣＢカー後取"
"R_LOANTYPE223","R_LOANTYPE",99,"223","ＳＣＢ教育先取","ＳＣＢ教育先取"
"R_LOANTYPE224","R_LOANTYPE",99,"224","ＳＣＢ教育後取","ＳＣＢ教育後取"
"R_LOANTYPE250","R_LOANTYPE",99,"250","個人後取","個人後取"
"R_LOANTYPE251","R_LOANTYPE",99,"251","旧保険後取","旧保険後取"
"R_LOANTYPE252","R_LOANTYPE",99,"252","定積後取","定積後取"
"R_LOANTYPE253","R_LOANTYPE",99,"253","子育て応援後取","子育て応援後取"
"R_LOANTYPE254","R_LOANTYPE",99,"254","切替後取","切替後取"
"R_LOANTYPE260","R_LOANTYPE",99,"260","学資証貸切換","学資証貸切換"
"R_LOANTYPE270","R_LOANTYPE",3,"270","マイカーローン","マイカーローン"
"R_LOANTYPE271","R_LOANTYPE",4,"271","リピートプラン","マイカー（リピーター）"
"R_LOANTYPE275","R_LOANTYPE",99,"275","カー後取","カー後取"
"R_LOANTYPE276","R_LOANTYPE",99,"276","リピート後取","リピート後取"
"R_LOANTYPE280","R_LOANTYPE",5,"280","教育プラン（先取）","教育プラン（先取）"
"R_LOANTYPE285","R_LOANTYPE",6,"285","教育プラン（後取）","教育プラン（後取）"
"R_LOANTYPE290","R_LOANTYPE",99,"290","学資証貸先取","学資証貸先取"
"R_LOANTYPE295","R_LOANTYPE",99,"295","学資証貸後取","学資証貸後取"
"R_LOANTYPE300","R_LOANTYPE",99,"300","カードローン","カードローン"
"R_LOANTYPE310","R_LOANTYPE",99,"310","ＰＯＳローン","ＰＯＳローン"
"R_LOANTYPE330","R_LOANTYPE",99,"330","スイング","スイング"
"R_LOANTYPE400","R_LOANTYPE",99,"400","スピード先取","スピード先取"
"R_LOANTYPE450","R_LOANTYPE",99,"450","スピード後取","スピード後取"
"R_LOANTYPE501","R_LOANTYPE",99,"501","損保先取","損保先取"
"R_LOANTYPE504","R_LOANTYPE",99,"504","生保先取","生保先取"
"R_LOANTYPE551","R_LOANTYPE",99,"551","損保後取","損保後取"
"R_LOANTYPE554","R_LOANTYPE",99,"554","生保後取","生保後取"
"R_LOANTYPE670","R_LOANTYPE",99,"670","ワイドカード","ワイドカード"
"R_LOANTYPE689","R_LOANTYPE",99,"689","増資ローン","増資ローン"
"R_LOANTYPE826","R_LOANTYPE",99,"826","ＳＣＢ福祉先取","ＳＣＢ福祉先取"
"R_LOANTYPE827","R_LOANTYPE",99,"827","ＳＣＢ福祉後取","ＳＣＢ福祉後取"
"R_LOANTYPE828","R_LOANTYPE",99,"828","ＳＣＢ修繕先取","ＳＣＢ修繕先取"
"R_LOANTYPE829","R_LOANTYPE",99,"829","ＳＣＢ修繕後取","ＳＣＢ修繕後取"
"R_LOANTYPE830","R_LOANTYPE",7,"830","福祉プラン","福祉プラン"
"R_LOANTYPE835","R_LOANTYPE",99,"835","福祉後取","福祉後取"
"R_LOANTYPE840","R_LOANTYPE",8,"840","リフォーム","リフォーム"
"R_LOANTYPE845","R_LOANTYPE",99,"845","リフォーム後取","リフォーム後取"
"R_LOANTYPE850","R_LOANTYPE",99,"850","修繕後取","修繕後取"
"R_LOANTYPE860","R_LOANTYPE",9,"860","ラッキー・シルバー","ラッキー・シルバー"
"R_LOANTYPE900","R_LOANTYPE",99,"900","スピード枠","スピード枠"
"R_MOUSIKOMIKBN1","R_MOUSIKOMIKBN",1,"1","金融円滑化対象","金融円滑化対象"
"R_MOUSIKOMIKBN2","R_MOUSIKOMIKBN",2,"2","金融円滑化対象外","金融円滑化対象外"
"R_MOUSIKOMIST1","R_MOUSIKOMIST",1,"1","仕掛","仕掛"
"R_MOUSIKOMIST2","R_MOUSIKOMIST",2,"2","稟議起案済","稟議起案済"
"R_MOUSIKOMIST3","R_MOUSIKOMIST",3,"3","否認","否認"
"R_MOUSIKOMIST4","R_MOUSIKOMIST",4,"4","取下","取下"
"R_MOUSIKOMIST5","R_MOUSIKOMIST",5,"5","稟議起案中","稟議起案中"
"R_NCRFSARSN01","R_NCREFUSALRSN",1,"01","当庫融資基準に抵触","当庫融資基準に抵触"
"R_NCRFSARSN02","R_NCREFUSALRSN",2,"02","財務内容に問題あり","財務内容に問題あり"
"R_NCRFSARSN03","R_NCREFUSALRSN",3,"03","返済財源不足","返済財源不足"
"R_NCRFSARSN04","R_NCREFUSALRSN",4,"04","保証機関の総合的判断","保証機関の総合的判断"
"R_NCRFSARSN05","R_NCREFUSALRSN",5,"05","申込後に取引停止処分","申込後に取引停止処分"
"R_NCRFSARSN06","R_NCREFUSALRSN",6,"06","本人行方不明","本人行方不明"
"R_NCRFSARSN07","R_NCREFUSALRSN",7,"07","受任通知後半年経過","受任通知受理後、手続開始に至らず6か月経過"
"R_NCRFSARSN08","R_NCREFUSALRSN",8,"08","代位弁済請求発生","代位弁済請求発生"
"R_NCRFSARSN09","R_NCREFUSALRSN",9,"09","本人死亡","本人死亡"
"R_NCRFSARSN10","R_NCREFUSALRSN",10,"10","地区外","地区外"
"R_NCRFSARSN11","R_NCREFUSALRSN",11,"11","反社(本部確認済)","反社(本部確認済)"
"R_NCRFSARSN12","R_NCREFUSALRSN",12,"12","その他の理由","その他の理由"
"R_NCRFSARSNDT01","R_NCREFUSALRSNDT",1,"01","差押履歴あり","差押履歴あり"
"R_NCRFSARSNDT02","R_NCREFUSALRSNDT",2,"02","税金・社保滞納中","税金・社保滞納中"
"R_NCRFSARSNDT03","R_NCREFUSALRSNDT",3,"03","法的破綻履歴あり","法的破綻(取停、破産等)履歴あり"
"R_NCRFSARSNDT04","R_NCREFUSALRSNDT",4,"04","代位弁済履歴あり","代位弁済履歴あり"
"R_NCRFSARSNDT05","R_NCREFUSALRSNDT",5,"05","借入金返済延滞中","借入金返済延滞中"
"R_NCRFSARSNDT06","R_NCREFUSALRSNDT",6,"06","人物面不良","人物面不良"
"R_NCRFSARSNDT07","R_NCREFUSALRSNDT",7,"07","その他(補足必須)","その他(補足必須)"
"R_NEHSYOKAMOKU1","R_NEHSYOKAMOKU",1,"1","商手枠","根保証対象科目・商手枠"
"R_NEHSYOKAMOKU2","R_NEHSYOKAMOKU",2,"2","手貸枠","根保証対象科目・手貸枠"
"R_NEHSYOKAMOKU3","R_NEHSYOKAMOKU",3,"3","当貸枠","根保証対象科目・当貸枠"
"R_ORDERFORM1","R_ORDERFORM",1,"1","業者","業者"
"R_ORDERFORM2","R_ORDERFORM",3,"2","本人","本人"
"R_ORDERFORM3","R_ORDERFORM",5,"3","その他","その他"
"R_ORDERFORM4","R_ORDERFORM",2,"4","業者（支援）","業者（支援）"
"R_ORDERFORM5","R_ORDERFORM",4,"5","本人（支援）","本人（支援）"
"R_P_WAKUSYU1","R_P_WAKUSYU",1,"1","商手枠","商手枠(取引状況照会帳票-枠種類-出力用)"
"R_P_WAKUSYU2","R_P_WAKUSYU",2,"2","手貸枠","手貸枠(取引状況照会帳票-枠種類-出力用)"
"R_P_WAKUSYU3","R_P_WAKUSYU",3,"3","証貸枠","証貸枠(取引状況照会帳票-枠種類-出力用)"
"R_P_WAKUSYU4","R_P_WAKUSYU",4,"4","支払承諾枠","支払承諾枠(取引状況照会帳票-枠種類-出力用)"
"R_P_WAKUSYU5","R_P_WAKUSYU",5,"5","融当","融当(取引状況照会帳票-枠種類-出力用)"
"R_P_WAKUSYU6","R_P_WAKUSYU",6,"6","信保根保証","信保根保証(取引状況照会帳票-枠種類-出力用)"
"R_P_WAKUSYU7","R_P_WAKUSYU",7,"7","当貸枠","当貸枠(取引状況照会帳票-枠種類-出力用)"
"R_PARTNERDIV1","R_PARTNERDIV",1,"1","提携","提携"
"R_PARTNERDIV2","R_PARTNERDIV",2,"2","非提携","非提携"
"R_PARTNERNAME1","R_PARTNERNAME",31,"31","アーバンライフ㈱","アーバンライフ㈱"
"R_PARTNERNAME10","R_PARTNERNAME",906,"906","近鉄不動産住宅㈱","近鉄不動産住宅㈱"
"R_PARTNERNAME11","R_PARTNERNAME",36,"36","京阪電鉄不動産㈱","京阪電鉄不動産㈱"
"R_PARTNERNAME12","R_PARTNERNAME",37,"37","㈱コスモスイニシア","㈱コスモスイニシア"
"R_PARTNERNAME13","R_PARTNERNAME",74,"74","㈱興人","㈱興人"
"R_PARTNERNAME14","R_PARTNERNAME",38,"38","三交不動産㈱","三交不動産㈱"
"R_PARTNERNAME15","R_PARTNERNAME",39,"39","敷島住宅㈱","敷島住宅㈱"
"R_PARTNERNAME16","R_PARTNERNAME",40,"40","大林新星和不動産㈱","大林新星和不動産㈱"
"R_PARTNERNAME17","R_PARTNERNAME",42,"42","住友林業㈱","住友林業㈱"
"R_PARTNERNAME18","R_PARTNERNAME",44,"44","西武不動産販売㈱","西武不動産販売㈱"
"R_PARTNERNAME19","R_PARTNERNAME",907,"907","全宅住宅ローン㈱","全宅住宅ローン㈱"
"R_PARTNERNAME2","R_PARTNERNAME",901,"901","葵建設㈱","葵建設㈱"
"R_PARTNERNAME20","R_PARTNERNAME",46,"46","セキスイハイム近畿㈱","セキスイハイム近畿㈱"
"R_PARTNERNAME21","R_PARTNERNAME",45,"45","積水ハウス㈱","積水ハウス㈱"
"R_PARTNERNAME22","R_PARTNERNAME",47,"47","ゼロコーポレーション","㈱ゼロコーポレーション"
"R_PARTNERNAME23","R_PARTNERNAME",48,"48","㈱大京","㈱大京"
"R_PARTNERNAME24","R_PARTNERNAME",49,"49","㈱ダイマルヤ","㈱ダイマルヤ"
"R_PARTNERNAME25","R_PARTNERNAME",50,"50","大丸屋住宅㈱","大丸屋住宅㈱"
"R_PARTNERNAME26","R_PARTNERNAME",52,"52","大和システム㈱","大和システム㈱"
"R_PARTNERNAME27","R_PARTNERNAME",908,"908","大和ハウス（本社）","大和ハウス工業㈱　〔本社〕"
"R_PARTNERNAME28","R_PARTNERNAME",909,"909","大和ハウス（京都）","大和ハウス工業㈱　〔京都支店〕"
"R_PARTNERNAME29","R_PARTNERNAME",910,"910","㈱環商事","㈱環商事"
"R_PARTNERNAME3","R_PARTNERNAME",902,"902","葵産業㈱","葵産業㈱"
"R_PARTNERNAME30","R_PARTNERNAME",53,"53","㈱デザオ建設","㈱デザオ建設"
"R_PARTNERNAME31","R_PARTNERNAME",916,"55","東京建物㈱","東京建物㈱"
"R_PARTNERNAME32","R_PARTNERNAME",914,"54","東急リバブル㈱","東急リバブル㈱"
"R_PARTNERNAME33","R_PARTNERNAME",56,"56","東レ建設㈱","東レ建設㈱"
"R_PARTNERNAME34","R_PARTNERNAME",43,"43","双日リアルネット㈱","双日リアルネット㈱"
"R_PARTNERNAME35","R_PARTNERNAME",58,"58","㈱日本エスコン","㈱日本エスコン"
"R_PARTNERNAME36","R_PARTNERNAME",59,"59","エスリード㈱","エスリード㈱"
"R_PARTNERNAME37","R_PARTNERNAME",57,"57","㈱日商エステム","㈱日商エステム"
"R_PARTNERNAME38","R_PARTNERNAME",60,"60","㈱ノーケン","㈱ノーケン"
"R_PARTNERNAME39","R_PARTNERNAME",63,"63","ハイネスコーポ","ハイネスコーポレーション㈱"
"R_PARTNERNAME4","R_PARTNERNAME",903,"903","㈱穴吹工務店","㈱穴吹工務店"
"R_PARTNERNAME40","R_PARTNERNAME",61,"61","阪急電鉄㈱","阪急電鉄㈱"
"R_PARTNERNAME41","R_PARTNERNAME",62,"62","パナソニックホームズ","パナソニックホームズ㈱"
"R_PARTNERNAME42","R_PARTNERNAME",911,"911","平和奥田㈱","平和奥田㈱"
"R_PARTNERNAME43","R_PARTNERNAME",915,"64","丸紅不動産販売㈱","丸紅不動産販売㈱"
"R_PARTNERNAME44","R_PARTNERNAME",66,"66","三井不動産レジデン","三井不動産レジデンシャル㈱"
"R_PARTNERNAME45","R_PARTNERNAME",65,"65","三井不動産販売㈱","三井不動産販売㈱"
"R_PARTNERNAME46","R_PARTNERNAME",67,"67","睦備建設㈱","睦備建設㈱"
"R_PARTNERNAME47","R_PARTNERNAME",68,"68","ユニハイムエステート","ユニハイムエステート㈱"
"R_PARTNERNAME48","R_PARTNERNAME",912,"912","㈱最上不動産","㈱最上不動産"
"R_PARTNERNAME49","R_PARTNERNAME",305,"305","嵯峨野不動産G","㈱嵯峨野不動産グループ"
"R_PARTNERNAME5","R_PARTNERNAME",904,"904","栄泉不動産㈱","栄泉不動産㈱"
"R_PARTNERNAME50","R_PARTNERNAME",302,"302","オウミ住宅㈱","オウミ住宅㈱"
"R_PARTNERNAME51","R_PARTNERNAME",307,"307","㈱八清","㈱八清"
"R_PARTNERNAME52","R_PARTNERNAME",309,"309","四辻木材興業㈱","四辻木材興業㈱"
"R_PARTNERNAME53","R_PARTNERNAME",913,"913","㈱明野住宅","㈱明野住宅"
"R_PARTNERNAME54","R_PARTNERNAME",32,"32","ｱｰﾊﾞﾝﾗｲﾌ住宅販売㈱","ｱｰﾊﾞﾝﾗｲﾌ住宅販売㈱"
"R_PARTNERNAME55","R_PARTNERNAME",33,"33","㈱大倉","㈱大倉"
"R_PARTNERNAME56","R_PARTNERNAME",41,"41","住商建物㈱","住商建物㈱"
"R_PARTNERNAME57","R_PARTNERNAME",69,"69","サンヨーホームズ㈱","サンヨーホームズ㈱"
"R_PARTNERNAME58","R_PARTNERNAME",70,"70","阪急阪神不動産㈱","阪急阪神不動産㈱"
"R_PARTNERNAME59","R_PARTNERNAME",71,"71","オリックス不動産㈱","オリックス不動産㈱"
"R_PARTNERNAME6","R_PARTNERNAME",73,"73","巌本金属㈱","巌本金属㈱"
"R_PARTNERNAME60","R_PARTNERNAME",75,"75","大阪ガス都市開発㈱","大阪ガス都市開発㈱"
"R_PARTNERNAME61","R_PARTNERNAME",76,"76","名鉄都市開発㈱","名鉄都市開発㈱"
"R_PARTNERNAME62","R_PARTNERNAME",77,"77","総合地所㈱","総合地所㈱"
"R_PARTNERNAME63","R_PARTNERNAME",78,"78","㈱長谷工アーベスト","㈱長谷工アーベスト"
"R_PARTNERNAME64","R_PARTNERNAME",79,"79","㈱フージャースコーポ","㈱フージャースコーポレーション"
"R_PARTNERNAME65","R_PARTNERNAME",80,"80","伊藤忠ハウジング㈱","伊藤忠ハウジング㈱"
"R_PARTNERNAME66","R_PARTNERNAME",81,"81","オーエス㈱","オーエス㈱"
"R_PARTNERNAME67","R_PARTNERNAME",82,"82","三菱地所レジデンス㈱","三菱地所レジデンス㈱"
"R_PARTNERNAME68","R_PARTNERNAME",83,"83","南海不動産㈱","南海不動産㈱"
"R_PARTNERNAME69","R_PARTNERNAME",84,"84","ミサワホーム近畿㈱","ミサワホーム近畿㈱"
"R_PARTNERNAME7","R_PARTNERNAME",905,"905","大倉建設㈱","大倉建設㈱"
"R_PARTNERNAME70","R_PARTNERNAME",85,"85","ダイマルヤアネックス","㈱ダイマルヤアネックス"
"R_PARTNERNAME71","R_PARTNERNAME",900,"201","京都府医師会","京都府医師会"
"R_PARTNERNAME72","R_PARTNERNAME",301,"301","㈱ヤマダホームズ","㈱ヤマダホームズ"
"R_PARTNERNAME73","R_PARTNERNAME",303,"303","建都住宅販売㈱","建都住宅販売㈱"
"R_PARTNERNAME74","R_PARTNERNAME",304,"304","㈱最上不動産Ｇ","㈱最上不動産グループ"
"R_PARTNERNAME75","R_PARTNERNAME",306,"306","トヨタホーム近畿㈱","トヨタホーム近畿㈱"
"R_PARTNERNAME76","R_PARTNERNAME",308,"308","三井ホーム㈱","三井ホーム㈱"
"R_PARTNERNAME77","R_PARTNERNAME",310,"310","住友不動産㈱","住友不動産㈱"
"R_PARTNERNAME78","R_PARTNERNAME",311,"311","㈱プレサンスコーポ","㈱プレサンスコーポレーション"
"R_PARTNERNAME79","R_PARTNERNAME",312,"312","㈱高栄ホーム","㈱高栄ホーム"
"R_PARTNERNAME8","R_PARTNERNAME",72,"72","京都パナホーム㈱","京都パナホーム㈱"
"R_PARTNERNAME80","R_PARTNERNAME",313,"313","㈱日本ハウスホール","㈱日本ハウスホールディングス"
"R_PARTNERNAME81","R_PARTNERNAME",314,"314","野村不動産㈱","野村不動産㈱"
"R_PARTNERNAME82","R_PARTNERNAME",315,"315","橋本不動産㈱","橋本不動産㈱"
"R_PARTNERNAME83","R_PARTNERNAME",316,"316","㈱今井建設","㈱今井建設"
"R_PARTNERNAME84","R_PARTNERNAME",317,"317","関電不動産開発㈱","関電不動産開発㈱"
"R_PARTNERNAME85","R_PARTNERNAME",318,"318","㈱山中商事","㈱山中商事"
"R_PARTNERNAME86","R_PARTNERNAME",401,"401","㈱大上住宅不動産","㈱大上住宅不動産"
"R_PARTNERNAME87","R_PARTNERNAME",402,"402","㈱大林工務店","㈱大林工務店"
"R_PARTNERNAME88","R_PARTNERNAME",403,"403","国土建設㈱","国土建設㈱"
"R_PARTNERNAME89","R_PARTNERNAME",404,"404","㈱西洋ハウジング","㈱西洋ハウジング"
"R_PARTNERNAME9","R_PARTNERNAME",35,"35","近鉄不動産㈱","近鉄不動産㈱"
"R_PARTNERNAME90","R_PARTNERNAME",405,"405","田丸産業㈱","田丸産業㈱"
"R_PARTNERNAME91","R_PARTNERNAME",406,"406","フジ住宅㈱","フジ住宅㈱"
"R_PARTNERNAME92","R_PARTNERNAME",407,"407","㈱ランドリアン","㈱ランドリアン"
"R_PARTNERNAME93","R_PARTNERNAME",408,"408","㈱日本中央住販","㈱日本中央住販"
"R_PARTNERNAME94","R_PARTNERNAME",409,"409","㈱裕成","㈱裕成"
"R_PARTNERNAME95","R_PARTNERNAME",410,"410","㈱DreamTown","㈱DreamTown"
"R_PARTNERNAME96","R_PARTNERNAME",411,"411","エスリードハウス㈱","エスリードハウス㈱"
"R_PARTNERNAME97","R_PARTNERNAME",412,"412","㈱創建","㈱創建"
"R_PARTNERNAME98","R_PARTNERNAME",51,"51","大和ハウス工業㈱","大和ハウス工業㈱"
"R_PARTNERNAME99","R_PARTNERNAME",999,"999","その他","その他"
"R_PARTNERNAMEA0","R_PARTNERNAME",413,"413","京滋建設㈱","京滋建設㈱"
"R_PARTNERNAMEA1","R_PARTNERNAME",414,"414","ディランド山京㈱","ディランド山京㈱"
"R_PARTNERNAMEA2","R_PARTNERNAME",415,"415","根木建設工業㈱","根木建設工業㈱"
"R_PARTNERNAMEA3","R_PARTNERNAME",86,"86","㈱ホームズ","㈱ホームズ"
"R_PARTNERNAMEA4","R_PARTNERNAME",416,"416","タマホーム㈱","タマホーム㈱"
"R_PARTNERNAMEA5","R_PARTNERNAME",319,"319","第一交通産業㈱","第一交通産業㈱"
"R_PARTNERNAMEA6","R_PARTNERNAME",417,"417","㈱穂高住販","㈱穂高住販"
"R_PARTNERNAMEA7","R_PARTNERNAME",418,"418","㈱楓工務店","㈱楓工務店"
"R_PARTNERNAMEA8","R_PARTNERNAME",419,"419","㈱永田工務店","㈱永田工務店"
"R_PARTNERNAMEA9","R_PARTNERNAME",320,"320","東急不動産㈱","東急不動産㈱"
"R_PARTNERNAMEB1","R_PARTNERNAME",420,"420","㈱マリモ","㈱マリモ"
"R_PARTNERNAMEB2","R_PARTNERNAME",421,"421","㈱タカラレーベン","㈱タカラレーベン"
"R_PARTNERNAMEB3","R_PARTNERNAME",422,"422","ＡＬＬＡＧＩ㈱","ＡＬＬＡＧＩ㈱"
"R_POLICY1","R_POLICY",1,"1","本部管理先","本部管理先"
"R_POLICY10","R_POLICY",10,"10","取組２０Ａ３","取組２０Ａ３"
"R_POLICY100","R_POLICY",100,"100","取組３０Ｙ２営業店","取組３０Ｙ２営業店"
"R_POLICY101","R_POLICY",101,"101","取組３０Ｙ３営業店","取組３０Ｙ３営業店"
"R_POLICY102","R_POLICY",102,"102","取組３０Ｚ１営業店","取組３０Ｚ１営業店"
"R_POLICY103","R_POLICY",103,"103","取組３０Ｚ２営業店","取組３０Ｚ２営業店"
"R_POLICY104","R_POLICY",104,"104","取組３０Ｚ３営業店","取組３０Ｚ３営業店"
"R_POLICY105","R_POLICY",105,"105","－－－－営業店","－－－－営業店"
"R_POLICY106","R_POLICY",106,"106","取組３０Ｙ－１１営業","取組３０Ｙ－１１営業"
"R_POLICY107","R_POLICY",107,"107","取組３０Ｙ－１２営業","取組３０Ｙ－１２営業"
"R_POLICY108","R_POLICY",108,"108","取組３０Ｙ－２１営業","取組３０Ｙ－２１営業"
"R_POLICY109","R_POLICY",109,"109","取組３０Ｙ－２２営業","取組３０Ｙ－２２営業"
"R_POLICY11","R_POLICY",11,"11","取組２０Ｂ１","取組２０Ｂ１"
"R_POLICY110","R_POLICY",110,"110","取組３０Ｚ－１１営業","取組３０Ｚ－１１営業"
"R_POLICY111","R_POLICY",111,"111","取組３０Ｚ－１２営業","取組３０Ｚ－１２営業"
"R_POLICY112","R_POLICY",112,"112","取組３０Ｚ－２１営業","取組３０Ｚ－２１営業"
"R_POLICY113","R_POLICY",113,"113","取組３０Ｚ－２２営業","取組３０Ｚ－２２営業"
"R_POLICY114","R_POLICY",114,"114","取組２０Ａ１営業店","取組２０Ａ１営業店"
"R_POLICY115","R_POLICY",115,"115","取組２０Ｂ２本ＤＤＳ","取組２０Ｂ２本ＤＤＳ"
"R_POLICY116","R_POLICY",116,"116","取組３０Ｘ１本ＤＤＳ","取組３０Ｘ１本ＤＤＳ"
"R_POLICY117","R_POLICY",117,"117","取組３０Ｙ－１１本Ｄ","取組３０Ｙ－１１本Ｄ"
"R_POLICY118","R_POLICY",118,"118","取組３０Ｙ－２２本Ｄ","取組３０Ｙ－２２本Ｄ"
"R_POLICY119","R_POLICY",119,"119","取組２０Ｂ１本ＤＤＳ","取組２０Ｂ１本ＤＤＳ"
"R_POLICY12","R_POLICY",12,"12","取組２０Ｂ２","取組２０Ｂ２"
"R_POLICY120","R_POLICY",120,"120","取組２０Ｙ－２２営業","取組２０Ｙ－２２営業"
"R_POLICY121","R_POLICY",121,"121","取組２０Ｂ２営ＤＤＳ","取組２０Ｂ２営ＤＤＳ"
"R_POLICY122","R_POLICY",122,"122","取組３０Ｙ－１１営Ｄ","取組３０Ｙ－１１営Ｄ"
"R_POLICY123","R_POLICY",123,"123","取組３０Ｙ－２１本Ｄ","取組３０Ｙ－２１本Ｄ"
"R_POLICY124","R_POLICY",124,"124","追加支援先営業店","追加支援先営業店"
"R_POLICY125","R_POLICY",125,"125","取組２０Ｃ２本Ｄ","取組２０Ｃ２本Ｄ"
"R_POLICY126","R_POLICY",126,"126","経営改善支援先営業店","経営改善支援先営業店"
"R_POLICY127","R_POLICY",127,"127","経営改善支援先本部","経営改善支援先本部"
"R_POLICY128","R_POLICY",128,"128","取組３０Ｙ２本Ｄ","取組３０Ｙ２本Ｄ"
"R_POLICY129","R_POLICY",129,"129","取組３０Ｚ－１２営Ｄ","取組３０Ｚ－１２営Ｄ"
"R_POLICY13","R_POLICY",13,"13","取組２０Ｂ３","取組２０Ｂ３"
"R_POLICY130","R_POLICY",130,"130","取組２０Ａ１地域本","取組２０Ａ１地域本"
"R_POLICY131","R_POLICY",131,"131","取組２０Ａ２地域本","取組２０Ａ２地域本"
"R_POLICY132","R_POLICY",132,"132","取組２０Ａ３地域本","取組２０Ａ３地域本"
"R_POLICY133","R_POLICY",133,"133","取組２０Ｂ１地域本","取組２０Ｂ１地域本"
"R_POLICY134","R_POLICY",134,"134","取組２０Ｂ２地域本","取組２０Ｂ２地域本"
"R_POLICY135","R_POLICY",135,"135","取組２０Ｂ３地域本","取組２０Ｂ３地域本"
"R_POLICY136","R_POLICY",136,"136","取組２０Ｃ１地域本","取組２０Ｃ１地域本"
"R_POLICY137","R_POLICY",137,"137","取組２０Ｃ２地域本","取組２０Ｃ２地域本"
"R_POLICY138","R_POLICY",138,"138","取組２０Ｃ３地域本","取組２０Ｃ３地域本"
"R_POLICY139","R_POLICY",139,"139","取組２１Ａ１地域本","取組２１Ａ１地域本"
"R_POLICY14","R_POLICY",14,"14","取組２０Ｃ１","取組２０Ｃ１"
"R_POLICY140","R_POLICY",140,"140","取組２１Ａ２地域本","取組２１Ａ２地域本"
"R_POLICY141","R_POLICY",141,"141","取組２１Ａ３地域本","取組２１Ａ３地域本"
"R_POLICY142","R_POLICY",142,"142","取組２１Ｂ１地域本","取組２１Ｂ１地域本"
"R_POLICY143","R_POLICY",143,"143","取組２１Ｂ２地域本","取組２１Ｂ２地域本"
"R_POLICY144","R_POLICY",144,"144","取組２１Ｂ３地域本","取組２１Ｂ３地域本"
"R_POLICY145","R_POLICY",145,"145","取組２１Ｃ１地域本","取組２１Ｃ１地域本"
"R_POLICY146","R_POLICY",146,"146","取組２１Ｃ２地域本","取組２１Ｃ２地域本"
"R_POLICY147","R_POLICY",147,"147","取組２１Ｃ３地域本","取組２１Ｃ３地域本"
"R_POLICY148","R_POLICY",148,"148","取組３０Ｘ１地域本","取組３０Ｘ１地域本"
"R_POLICY149","R_POLICY",149,"149","取組３０Ｘ２地域本","取組３０Ｘ２地域本"
"R_POLICY15","R_POLICY",15,"15","取組２０Ｃ２","取組２０Ｃ２"
"R_POLICY150","R_POLICY",150,"150","取組３０Ｙ１地域本","取組３０Ｙ１地域本"
"R_POLICY151","R_POLICY",151,"151","取組３０Ｙ２地域本","取組３０Ｙ２地域本"
"R_POLICY152","R_POLICY",152,"152","－－－－地域本","－－－－地域本"
"R_POLICY153","R_POLICY",153,"153","取組２０Ａ１地域本Ｄ","取組２０Ａ１地域本Ｄ"
"R_POLICY154","R_POLICY",154,"154","取組２０Ｂ１地域本Ｄ","取組２０Ｂ１地域本Ｄ"
"R_POLICY155","R_POLICY",155,"155","取組２０Ｂ２地域本Ｄ","取組２０Ｂ２地域本Ｄ"
"R_POLICY156","R_POLICY",156,"156","取組２０Ａ１地域営","取組２０Ａ１地域営"
"R_POLICY157","R_POLICY",157,"157","取組２０Ａ２地域営","取組２０Ａ２地域営"
"R_POLICY158","R_POLICY",158,"158","取組２０Ａ３地域営","取組２０Ａ３地域営"
"R_POLICY159","R_POLICY",159,"159","取組２０Ｂ１地域営","取組２０Ｂ１地域営"
"R_POLICY16","R_POLICY",16,"16","取組２０Ｃ３","取組２０Ｃ３"
"R_POLICY160","R_POLICY",160,"160","取組２０Ｂ２地域営","取組２０Ｂ２地域営"
"R_POLICY161","R_POLICY",161,"161","取組２０Ｂ３地域営","取組２０Ｂ３地域営"
"R_POLICY162","R_POLICY",162,"162","取組２０Ｃ１地域営","取組２０Ｃ１地域営"
"R_POLICY163","R_POLICY",163,"163","取組２０Ｃ２地域営","取組２０Ｃ２地域営"
"R_POLICY164","R_POLICY",164,"164","取組２０Ｃ３地域営","取組２０Ｃ３地域営"
"R_POLICY165","R_POLICY",165,"165","取組２１Ａ１地域営","取組２１Ａ１地域営"
"R_POLICY166","R_POLICY",166,"166","取組２１Ａ２地域営","取組２１Ａ２地域営"
"R_POLICY167","R_POLICY",167,"167","取組２１Ａ３地域営","取組２１Ａ３地域営"
"R_POLICY168","R_POLICY",168,"168","取組２１Ｂ１地域営","取組２１Ｂ１地域営"
"R_POLICY169","R_POLICY",169,"169","取組２１Ｂ２地域営","取組２１Ｂ２地域営"
"R_POLICY17","R_POLICY",17,"17","取組２１Ａ１","取組２１Ａ１"
"R_POLICY170","R_POLICY",170,"170","取組２１Ｂ３地域営","取組２１Ｂ３地域営"
"R_POLICY171","R_POLICY",171,"171","取組２１Ｃ１地域営","取組２１Ｃ１地域営"
"R_POLICY172","R_POLICY",172,"172","取組２１Ｃ２地域営","取組２１Ｃ２地域営"
"R_POLICY173","R_POLICY",173,"173","取組２１Ｃ３地域営","取組２１Ｃ３地域営"
"R_POLICY174","R_POLICY",174,"174","取組３０Ｘ１地域営","取組３０Ｘ１地域営"
"R_POLICY175","R_POLICY",175,"175","取組３０Ｘ２地域営","取組３０Ｘ２地域営"
"R_POLICY176","R_POLICY",176,"176","取組３０Ｙ１地域営","取組３０Ｙ１地域営"
"R_POLICY177","R_POLICY",177,"177","取組３０Ｙ２地域営","取組３０Ｙ２地域営"
"R_POLICY178","R_POLICY",178,"178","取組２０Ａ１地域営Ｄ","取組２０Ａ１地域営Ｄ"
"R_POLICY179","R_POLICY",179,"179","取組２０Ｂ１地域営Ｄ","取組２０Ｂ１地域営Ｄ"
"R_POLICY18","R_POLICY",18,"18","取組２１Ａ２","取組２１Ａ２"
"R_POLICY180","R_POLICY",180,"180","取組２０Ｂ２地域営Ｄ","取組２０Ｂ２地域営Ｄ"
"R_POLICY181","R_POLICY",181,"181","地域創生部関与先","地域創生部関与先"
"R_POLICY182","R_POLICY",182,"182","－－－－地域本Ｄ","－－－－地域本Ｄ"
"R_POLICY183","R_POLICY",183,"183","－－－－地域営Ｄ","－－－－地域営Ｄ"
"R_POLICY184","R_POLICY",184,"184","－－－－地域関与先Ｄ","－－－－地域関与先Ｄ"
"R_POLICY185","R_POLICY",185,"185","取組２０Ａ１本Ｄ","取組２０Ａ１本Ｄ"
"R_POLICY186","R_POLICY",186,"186","取組２０Ａ１営Ｄ","取組２０Ａ１営Ｄ"
"R_POLICY187","R_POLICY",187,"187","取組２０Ｂ１営Ｄ","取組２０Ｂ１営Ｄ"
"R_POLICY188","R_POLICY",188,"188","取組３０Ｚ－１２本Ｄ","取組３０Ｚ－１２本Ｄ"
"R_POLICY189","R_POLICY",189,"189","取組２０Ａ１地域関","取組２０Ａ１地域関"
"R_POLICY19","R_POLICY",19,"19","取組２１Ａ３","取組２１Ａ３"
"R_POLICY190","R_POLICY",190,"190","取組２０Ａ２地域関","取組２０Ａ２地域関"
"R_POLICY191","R_POLICY",191,"191","取組２０Ａ３地域関","取組２０Ａ３地域関"
"R_POLICY192","R_POLICY",192,"192","取組２０Ｂ１地域関","取組２０Ｂ１地域関"
"R_POLICY193","R_POLICY",193,"193","取組２０Ｂ２地域関","取組２０Ｂ２地域関"
"R_POLICY194","R_POLICY",194,"194","取組２０Ｂ３地域関","取組２０Ｂ３地域関"
"R_POLICY195","R_POLICY",195,"195","取組２０Ｃ１地域関","取組２０Ｃ１地域関"
"R_POLICY196","R_POLICY",196,"196","取組２０Ｃ２地域関","取組２０Ｃ２地域関"
"R_POLICY197","R_POLICY",197,"197","取組２０Ｃ３地域関","取組２０Ｃ３地域関"
"R_POLICY198","R_POLICY",198,"198","取組２１Ａ１地域関","取組２１Ａ１地域関"
"R_POLICY199","R_POLICY",199,"199","取組２１Ａ２地域関","取組２１Ａ２地域関"
"R_POLICY2","R_POLICY",2,"2","営業店管理先","営業店管理先"
"R_POLICY20","R_POLICY",20,"20","取組２１Ｂ１","取組２１Ｂ１"
"R_POLICY200","R_POLICY",200,"200","取組２１Ａ３地域関","取組２１Ａ３地域関"
"R_POLICY201","R_POLICY",201,"201","取組２１Ｂ１地域関","取組２１Ｂ１地域関"
"R_POLICY202","R_POLICY",202,"202","取組２１Ｂ２地域関","取組２１Ｂ２地域関"
"R_POLICY203","R_POLICY",203,"203","取組２１Ｂ３地域関","取組２１Ｂ３地域関"
"R_POLICY204","R_POLICY",204,"204","取組２１Ｃ１地域関","取組２１Ｃ１地域関"
"R_POLICY205","R_POLICY",205,"205","取組２１Ｃ２地域関","取組２１Ｃ２地域関"
"R_POLICY206","R_POLICY",206,"206","取組２１Ｃ３地域関","取組２１Ｃ３地域関"
"R_POLICY207","R_POLICY",207,"207","取組３０Ｘ１地域関","取組３０Ｘ１地域関"
"R_POLICY208","R_POLICY",208,"208","取組３０Ｘ２地域関","取組３０Ｘ２地域関"
"R_POLICY209","R_POLICY",209,"209","取組３０Ｙ１地域関","取組３０Ｙ１地域関"
"R_POLICY21","R_POLICY",21,"21","取組２１Ｂ２","取組２１Ｂ２"
"R_POLICY210","R_POLICY",210,"210","取組３０Ｙ２地域関","取組３０Ｙ２地域関"
"R_POLICY211","R_POLICY",211,"211","取組２０Ａ１地域関Ｄ","取組２０Ａ１地域関Ｄ"
"R_POLICY212","R_POLICY",212,"212","取組２０Ｂ１地域関Ｄ","取組２０Ｂ１地域関Ｄ"
"R_POLICY213","R_POLICY",213,"213","取組２０Ｂ２地域関Ｄ","取組２０Ｂ２地域関Ｄ"
"R_POLICY22","R_POLICY",22,"22","取組２１Ｂ３","取組２１Ｂ３"
"R_POLICY23","R_POLICY",23,"23","取組２１Ｃ１","取組２１Ｃ１"
"R_POLICY24","R_POLICY",24,"24","取組２１Ｃ２","取組２１Ｃ２"
"R_POLICY25","R_POLICY",25,"25","取組２１Ｃ３","取組２１Ｃ３"
"R_POLICY26","R_POLICY",26,"26","取組３０Ｘ１","取組３０Ｘ１"
"R_POLICY27","R_POLICY",27,"27","取組３０Ｘ２","取組３０Ｘ２"
"R_POLICY28","R_POLICY",28,"28","取組３０Ｘ３","取組３０Ｘ３"
"R_POLICY29","R_POLICY",29,"29","取組３０Ｙ１","取組３０Ｙ１"
"R_POLICY3","R_POLICY",3,"3","業況管理先","業況管理先"
"R_POLICY30","R_POLICY",30,"30","取組３０Ｙ２","取組３０Ｙ２"
"R_POLICY31","R_POLICY",31,"31","取組３０Ｙ３","取組３０Ｙ３"
"R_POLICY32","R_POLICY",32,"32","取組３０Ｚ１","取組３０Ｚ１"
"R_POLICY33","R_POLICY",33,"33","取組３０Ｚ２","取組３０Ｚ２"
"R_POLICY34","R_POLICY",34,"34","取組３０Ｚ３","取組３０Ｚ３"
"R_POLICY35","R_POLICY",35,"35","取組２０Ａ１本部","取組２０Ａ１本部"
"R_POLICY36","R_POLICY",36,"36","取組２０Ａ２本部","取組２０Ａ２本部"
"R_POLICY37","R_POLICY",37,"37","取組２０Ａ３本部","取組２０Ａ３本部"
"R_POLICY38","R_POLICY",38,"38","取組２０Ｂ１本部","取組２０Ｂ１本部"
"R_POLICY39","R_POLICY",39,"39","取組２０Ｂ２本部","取組２０Ｂ２本部"
"R_POLICY4","R_POLICY",4,"4","再生支援追加先","再生支援追加先"
"R_POLICY40","R_POLICY",40,"40","取組２０Ｂ３本部","取組２０Ｂ３本部"
"R_POLICY41","R_POLICY",41,"41","取組２０Ｃ１本部","取組２０Ｃ１本部"
"R_POLICY42","R_POLICY",42,"42","取組２０Ｃ２本部","取組２０Ｃ２本部"
"R_POLICY43","R_POLICY",43,"43","取組２０Ｃ３本部","取組２０Ｃ３本部"
"R_POLICY44","R_POLICY",44,"44","取組２１Ａ１本部","取組２１Ａ１本部"
"R_POLICY45","R_POLICY",45,"45","取組２１Ａ２本部","取組２１Ａ２本部"
"R_POLICY46","R_POLICY",46,"46","取組２１Ａ３本部","取組２１Ａ３本部"
"R_POLICY47","R_POLICY",47,"47","取組２１Ｂ１本部","取組２１Ｂ１本部"
"R_POLICY48","R_POLICY",48,"48","取組２１Ｂ２本部","取組２１Ｂ２本部"
"R_POLICY49","R_POLICY",49,"49","取組２１Ｂ３本部","取組２１Ｂ３本部"
"R_POLICY5","R_POLICY",5,"5","再生支援先","再生支援先"
"R_POLICY50","R_POLICY",50,"50","取組２１Ｃ１本部","取組２１Ｃ１本部"
"R_POLICY51","R_POLICY",51,"51","取組２１Ｃ２本部","取組２１Ｃ２本部"
"R_POLICY52","R_POLICY",52,"52","取組２１Ｃ３本部","取組２１Ｃ３本部"
"R_POLICY53","R_POLICY",53,"53","取組３０Ｘ１本部","取組３０Ｘ１本部"
"R_POLICY54","R_POLICY",54,"54","取組３０Ｘ２本部","取組３０Ｘ２本部"
"R_POLICY55","R_POLICY",55,"55","取組３０Ｘ３本部","取組３０Ｘ３本部"
"R_POLICY56","R_POLICY",56,"56","取組３０Ｙ１本部","取組３０Ｙ１本部"
"R_POLICY57","R_POLICY",57,"57","取組３０Ｙ２本部","取組３０Ｙ２本部"
"R_POLICY58","R_POLICY",58,"58","取組３０Ｙ３本部","取組３０Ｙ３本部"
"R_POLICY59","R_POLICY",59,"59","取組３０Ｚ１本部","取組３０Ｚ１本部"
"R_POLICY6","R_POLICY",6,"6","重点管理先","重点管理先"
"R_POLICY60","R_POLICY",60,"60","取組３０Ｚ２本部","取組３０Ｚ２本部"
"R_POLICY61","R_POLICY",61,"61","取組３０Ｚ３本部","取組３０Ｚ３本部"
"R_POLICY62","R_POLICY",62,"62","－－－－本部","－－－－本部"
"R_POLICY63","R_POLICY",63,"63","取組３０Ｙ－１１本部","取組３０Ｙ－１１本部"
"R_POLICY64","R_POLICY",64,"64","取組３０Ｙ－１２本部","取組３０Ｙ－１２本部"
"R_POLICY65","R_POLICY",65,"65","取組３０Ｙ－１１－","取組３０Ｙ－１１－"
"R_POLICY66","R_POLICY",66,"66","取組３０Ｙ－１２－","取組３０Ｙ－１２－"
"R_POLICY67","R_POLICY",67,"67","取組３０Ｙ－２１本部","取組３０Ｙ－２１本部"
"R_POLICY68","R_POLICY",68,"68","取組３０Ｙ－２２本部","取組３０Ｙ－２２本部"
"R_POLICY69","R_POLICY",69,"69","取組３０Ｙ－２１－","取組３０Ｙ－２１－"
"R_POLICY7","R_POLICY",7,"7","再生・重点管理","再生・重点管理"
"R_POLICY70","R_POLICY",70,"70","取組３０Ｙ－２２－","取組３０Ｙ－２２－"
"R_POLICY71","R_POLICY",71,"71","取組３０Ｚ－１１本部","取組３０Ｚ－１１本部"
"R_POLICY72","R_POLICY",72,"72","取組３０Ｚ－１２本部","取組３０Ｚ－１２本部"
"R_POLICY73","R_POLICY",73,"73","取組３０Ｚ－１１","取組３０Ｚ－１１"
"R_POLICY74","R_POLICY",74,"74","取組３０Ｚ－１２","取組３０Ｚ－１２"
"R_POLICY75","R_POLICY",75,"75","取組３０Ｚ－２１本部","取組３０Ｚ－２１本部"
"R_POLICY76","R_POLICY",76,"76","取組３０Ｚ－２２本部","取組３０Ｚ－２２本部"
"R_POLICY77","R_POLICY",77,"77","取組３０Ｚ－２１","取組３０Ｚ－２１"
"R_POLICY78","R_POLICY",78,"78","取組３０Ｚ－２２","取組３０Ｚ－２２"
"R_POLICY79","R_POLICY",79,"79","取組２０Ａ２営業店","取組２０Ａ２営業店"
"R_POLICY8","R_POLICY",8,"8","取組２０Ａ１","取組２０Ａ１"
"R_POLICY80","R_POLICY",80,"80","取組２０Ａ３営業店","取組２０Ａ３営業店"
"R_POLICY81","R_POLICY",81,"81","取組２０Ｂ１営業店","取組２０Ｂ１営業店"
"R_POLICY82","R_POLICY",82,"82","取組２０Ｂ２営業店","取組２０Ｂ２営業店"
"R_POLICY83","R_POLICY",83,"83","取組２０Ｂ３営業店","取組２０Ｂ３営業店"
"R_POLICY84","R_POLICY",84,"84","取組２０Ｃ１営業店","取組２０Ｃ１営業店"
"R_POLICY85","R_POLICY",85,"85","取組２０Ｃ２営業店","取組２０Ｃ２営業店"
"R_POLICY86","R_POLICY",86,"86","取組２０Ｃ３営業店","取組２０Ｃ３営業店"
"R_POLICY87","R_POLICY",87,"87","取組２１Ａ１営業店","取組２１Ａ１営業店"
"R_POLICY88","R_POLICY",88,"88","取組２１Ａ２営業店","取組２１Ａ２営業店"
"R_POLICY89","R_POLICY",89,"89","取組２１Ａ３営業店","取組２１Ａ３営業店"
"R_POLICY9","R_POLICY",9,"9","取組２０Ａ２","取組２０Ａ２"
"R_POLICY90","R_POLICY",90,"90","取組２１Ｂ１営業店","取組２１Ｂ１営業店"
"R_POLICY91","R_POLICY",91,"91","取組２１Ｂ２営業店","取組２１Ｂ２営業店"
"R_POLICY92","R_POLICY",92,"92","取組２１Ｂ３営業店","取組２１Ｂ３営業店"
"R_POLICY93","R_POLICY",93,"93","取組２１Ｃ１営業店","取組２１Ｃ１営業店"
"R_POLICY94","R_POLICY",94,"94","取組２１Ｃ２営業店","取組２１Ｃ２営業店"
"R_POLICY95","R_POLICY",95,"95","取組２１Ｃ３営業店","取組２１Ｃ３営業店"
"R_POLICY96","R_POLICY",96,"96","取組３０Ｘ１営業店","取組３０Ｘ１営業店"
"R_POLICY97","R_POLICY",97,"97","取組３０Ｘ２営業店","取組３０Ｘ２営業店"
"R_POLICY98","R_POLICY",98,"98","取組３０Ｘ３営業店","取組３０Ｘ３営業店"
"R_POLICY99","R_POLICY",99,"99","取組３０Ｙ１営業店","取組３０Ｙ１営業店"
"R_RBRKANKAKU0","R_RBRKANKAKU",7,"0","一括","一括"
"R_RBRKANKAKU1","R_RBRKANKAKU",1,"1","１ヵ月","１ヵ月"
"R_RBRKANKAKU12","R_RBRKANKAKU",6,"12","１２ヵ月","１２ヵ月"
"R_RBRKANKAKU2","R_RBRKANKAKU",2,"2","２ヵ月","２ヵ月"
"R_RBRKANKAKU3","R_RBRKANKAKU",3,"3","３ヵ月","３ヵ月"
"R_RBRKANKAKU4","R_RBRKANKAKU",4,"4","４ヵ月","４ヵ月"
"R_RBRKANKAKU6","R_RBRKANKAKU",5,"6","６ヵ月","６ヵ月"
"R_RBRKANKAKU99","R_RBRKANKAKU",8,"99","サイクル外","サイクル外"
"R_REALESTATE01","R_REALESTATE",1,"01","購入物件のみ","購入物件のみ"
"R_REALESTATE02","R_REALESTATE",2,"02","共同担保","共同担保"
"R_REALESTATE99","R_REALESTATE",3,"99","その他","その他"
"R_REFUSAL_101","R_REFUSAL_1",1,"01","①融資基準等に抵触","①融資基準等に抵触"
"R_REFUSAL_102","R_REFUSAL_1",2,"02","②財務内容に問題有り","②財務内容に問題有り"
"R_REFUSAL_103","R_REFUSAL_1",3,"03","③協会否応諾、代案無","③協会否応諾、代案無"
"R_REFUSAL_104","R_REFUSAL_1",4,"04","④保証会社否決","④保証会社否決"
"R_REFUSAL_105","R_REFUSAL_1",5,"05","⑤信用状況に懸念有り","⑤信用状況に懸念有り"
"R_REFUSAL_106","R_REFUSAL_1",6,"06","⑥反社（本部確認済）","⑥反社（本部確認済）"
"R_REFUSAL_107","R_REFUSAL_1",7,"07","⑦地区外","⑦地区外"
"R_REFUSAL_108","R_REFUSAL_1",8,"08","⑧その他","⑧その他"
"R_REFUSAL_201","R_REFUSAL_2",1,"01","①融資基準等に抵触","①融資基準等に抵触"
"R_REFUSAL_202","R_REFUSAL_2",2,"02","②保証会社否決","②保証会社否決"
"R_REFUSAL_203","R_REFUSAL_2",3,"03","③信用状況に懸念有り","③信用状況に懸念有り"
"R_REFUSAL_204","R_REFUSAL_2",4,"04","④反社（本部確認済）","④反社（本部確認済）"
"R_REFUSAL_205","R_REFUSAL_2",5,"05","⑤地区外","⑤地区外"
"R_REFUSAL_206","R_REFUSAL_2",6,"06","⑥その他","⑥その他"
"R_REFUSAL_301","R_REFUSAL_3",1,"01","①否応諾","①否応諾"
"R_REFUSAL_302","R_REFUSAL_3",2,"02","②条件付応諾","②条件付応諾"
"R_REFUSALRSN01","R_REFUSALRSN",1,"01","①資金使途","①資金使途"
"R_REFUSALRSN02","R_REFUSALRSN",2,"02","②返済財源","②返済財源（ ＣＦ不足含む ）"
"R_REFUSALRSN03","R_REFUSALRSN",3,"03","③借入過多","③借入過多"
"R_REFUSALRSN04","R_REFUSALRSN",4,"04","④基準等に抵触","④基準等に抵触"
"R_REFUSALRSN05","R_REFUSALRSN",5,"05","⑤保証協会否決","⑤保証協会否決"
"R_REFUSALRSN06","R_REFUSALRSN",6,"06","⑥総合的判断","⑥総合的判断"
"R_REFUSALRSN07","R_REFUSALRSN",7,"07","⑦延滞等の情報","⑦延滞等の情報"
"R_REFUSALRSN08","R_REFUSALRSN",8,"08","⑧保証会社否決","⑧保証協会以外の保証会社否決"
"R_REFUSALRSN09","R_REFUSALRSN",9,"09","⑨反社(相談室確認済)","⑨反社（ 相談室確認済み ）"
"R_REFUSALRSN10","R_REFUSALRSN",10,"10","⑩地区外","⑩地区外"
"R_REFUSALRSN11","R_REFUSALRSN",11,"11","⑪その他","⑪その他"
"R_REFUSECANCEL1","R_REFUSECANCEL",1,"1","処理待ち","処理待ち"
"R_REGISTOBJ01","R_REGISTOBJ",1,"01","稟議","稟議"
"R_REGISTOBJ02","R_REGISTOBJ",2,"02","顧客","顧客"
"R_RENTAIKBN1","R_RENTAIKBN",1,"1","主たる債務者","主たる債務者"
"R_RENTAIKBN2","R_RENTAIKBN",2,"2","連帯債務者","連帯債務者"
"R_RESERVATION1","R_RESERVATION",1,"1","予約付","予約付"
"R_RESERVATION2","R_RESERVATION",2,"2","予約無","予約無"
"R_RESERVATION3","R_RESERVATION",3,"3","通貨ＯＰ付","通貨オプション付インパ"
"R_RESERVATION4","R_RESERVATION",4,"4","停止条件付通貨ＯＰ付","停止条件付通貨オプション付インパ"
"R_RIBARAIHOU1","R_RIBARAIHOU",1,"1","後取り","後取り"
"R_RIBARAIHOU2","R_RIBARAIHOU",2,"2","先取り","先取り"
"R_RIBARAIHOU3","R_RIBARAIHOU",3,"3","元加","元加"
"R_RINGIKAMOKU31","R_RINGIKAMOKU",1,"31","割引手形","割引手形"
"R_RINGIKAMOKU32","R_RINGIKAMOKU",2,"32","手形貸付","手形貸付"
"R_RINGIKAMOKU33","R_RINGIKAMOKU",3,"33","証書貸付","証書貸付"
"R_RINGIKAMOKU34","R_RINGIKAMOKU",4,"34","代理貸付","代理貸付"
"R_RINGIKAMOKU36","R_RINGIKAMOKU",5,"36","債務保証","債務保証"
"R_RINGIKAMOKU38","R_RINGIKAMOKU",7,"38","カードローン","カードローン"
"R_RINGIKAMOKU40","R_RINGIKAMOKU",8,"40","当座貸越","当座貸越"
"R_RINGIKAMOKU53","R_RINGIKAMOKU",9,"53","外貨貸付","外貨貸付"
"R_RINGIKAMOKU54","R_RINGIKAMOKU",10,"54","外為与信（輸出）","外為与信（輸出）"
"R_RINGIKAMOKU55","R_RINGIKAMOKU",11,"55","外為与信（輸入）","外為与信（輸入）"
"R_RINGIKAMOKU59","R_RINGIKAMOKU",12,"59","外為与信（保証）","外為与信（保証）"
"R_RINGISYURUI1","R_RINGISYURUI",1,"1","融資稟議","融資稟議"
"R_RINGISYURUI2","R_RINGISYURUI",2,"2","事前稟議","事前稟議"
"R_RINGISYURUI3","R_RINGISYURUI",3,"3","条件変更その他","汎用稟議"
"R_RINGISYURUI4","R_RINGISYURUI",4,"4","条件変更稟議","条件変更稟議"
"R_RIRITUHENDO01","R_RIRITUHENDO",1,"1","固定","固定"
"R_RIRITUHENDO02","R_RIRITUHENDO",2,"2","定時連動型","定時連動型"
"R_RIRITUHENDO03","R_RIRITUHENDO",3,"3","都度連動型","都度連動型"
"R_RIRITUTEKI01","R_RIRITUTEKI",1,"01","長プラ","長プラ"
"R_RIRITUTEKI02","R_RIRITUTEKI",2,"02","短プラ","短プラ"
"R_RIRITUTEKI03","R_RIRITUTEKI",3,"03","新長プラ","新長プラ"
"R_RIRITUTEKI04","R_RIRITUTEKI",5,"04","住宅ローン","住宅ローン"
"R_RIRITUTEKI06","R_RIRITUTEKI",7,"06","項目使用不可","項目使用不可"
"R_RIRITUTEKI50","R_RIRITUTEKI",6,"50","住友銀短プラ","住友銀短プラ"
"R_RIRITUTEKI51","R_RIRITUTEKI",4,"51","TIBOR","TIBOR"
"R_RSPNSBLTY1","R_RSPNSBLTY",1,"1","部分保証","部分保証"
"R_RSPNSBLTY2","R_RSPNSBLTY",2,"2","負担金","負担金"
"R_RSPNSBLTY3","R_RSPNSBLTY",3,"3","計測対象","計測対象"
"R_RSPNSBLTY9","R_RSPNSBLTY",4,"9","対象外","対象外"
"R_SAIKENKAMOK31","R_SAIKENKAMOK",1,"31","割引手形","割引手形"
"R_SAIKENKAMOK32","R_SAIKENKAMOK",2,"32","手形貸付","手形貸付"
"R_SAIKENKAMOK33","R_SAIKENKAMOK",4,"33","証書貸付","証書貸付"
"R_SAIKENKAMOK34","R_SAIKENKAMOK",14,"34","代理貸付","代理貸付"
"R_SAIKENKAMOK36","R_SAIKENKAMOK",15,"36","債務保証","債務保証"
"R_SAIKENKAMOK40","R_SAIKENKAMOK",5,"40","当座当貸","当座当貸"
"R_SAIKENKAMOK53","R_SAIKENKAMOK",10,"53","外貨貸付","外貨貸付"
"R_SAIKENKAMOK54","R_SAIKENKAMOK",11,"54","買入外為","買入外為"
"R_SAIKENKAMOK55","R_SAIKENKAMOK",12,"55","取立外為","取立外為"
"R_SAIKENKAMOK59","R_SAIKENKAMOK",13,"59","外為債務保証","外為債務保証"
"R_SAIKENKAMOK60","R_SAIKENKAMOK",3,"60","外為関連","外為関連"
"R_SAIKENKAMOK61","R_SAIKENKAMOK",6,"61","カードローン","事業性専用カードローン"
"R_SAIKENKAMOK62","R_SAIKENKAMOK",7,"62","新型当座貸越","新型当座貸越"
"R_SAIKENKAMOK63","R_SAIKENKAMOK",8,"63","カードローン","消費性専用カードローン"
"R_SAIKENKAMOK64","R_SAIKENKAMOK",9,"64","総合口座カードローン","総合口座カードローン"
"R_SAISEI1","R_SAISEI",1,"1","本部管理先","本部管理先"
"R_SAISEI2","R_SAISEI",2,"2","営業店管理先","営業店管理先"
"R_SAISEI3","R_SAISEI",3,"3","業況管理先","業況管理先"
"R_SAISEI4","R_SAISEI",4,"4","再生支援追加先","再生支援追加先"
"R_SAISEI5","R_SAISEI",5,"5","再生支援先","再生支援先"
"R_SAISEI6","R_SAISEI",6,"6","重点管理先","重点管理先"
"R_SAISEI7","R_SAISEI",7,"7","再生・重点管理","再生・重点管理"
"R_SAISINSEI01","R_SAISINSEI",1,"01","再申請","(再)"
"R_SAISINSEI02","R_SAISINSEI",2,"02","仮承認修正","(修)"
"R_SAISINSEI03","R_SAISINSEI",3,"03","レートダウン本申請","(レ)"
"R_SAISINSEI04","R_SAISINSEI",4,"04","中信ローン保証審査後","中信ローン保証審査後修正（再審査不要）"
"R_SASIMODOSI01","R_SASIMODOSI",3,"01","書類不備","差戻理由-書類不備"
"R_SASIMODOSI02","R_SASIMODOSI",5,"02","調査不足","差戻理由-調査不足"
"R_SASIMODOSI03","R_SASIMODOSI",2,"03","顧客交渉必要","差戻理由-顧客交渉必要"
"R_SASIMODOSI04","R_SASIMODOSI",1,"04","申請誤り","差戻理由-申請誤り"
"R_SASIMODOSI05","R_SASIMODOSI",4,"05","添付漏れ","差戻理由-添付漏れ"
"R_SASIMODOSI99","R_SASIMODOSI",6,"99","その他","差戻理由-その他"
"R_SEIHOKBN0","R_SEIHOKBN",1,"0","0： 無","無"
"R_SEIHOKBN1","R_SEIHOKBN",2,"1","1： 1人加入","1人加入"
"R_SEIHOKBN2","R_SEIHOKBN",3,"2","2： 2人加入","2人加入"
"R_SHONINJOKEN01","R_SHONINJOKEN",1,"1","金額変更","金額変更"
"R_SHONINJOKEN02","R_SHONINJOKEN",2,"2","期間変更","期間変更"
"R_SHONINJOKEN03","R_SHONINJOKEN",3,"3","利率変更","利率変更"
"R_SHONINJOKEN04","R_SHONINJOKEN",4,"4","その他","その他"
"R_SIKAKARIST93","R_SIKAKARIST",93,"93","営業店担当者登録中","営業店担当者登録中"
"R_SIKAKARIST94","R_SIKAKARIST",94,"94","営業店審査者確認待ち","営業店審査者確認待ち"
"R_SIKAKARIST95","R_SIKAKARIST",95,"95","本部審査者確認待ち","本部審査者確認待ち"
"R_SIKAKARIST96","R_SIKAKARIST",96,"96","確認完了","確認完了"
"R_SIKINSITO1","R_SIKINSITO",1,"1","運転資金","運転資金"
"R_SIKINSITO2","R_SIKINSITO",2,"2","設備資金","設備資金"
"R_SIKINSITO3","R_SIKINSITO",3,"3","住宅資金","住宅資金"
"R_SIKINSITO4","R_SIKINSITO",4,"4","消費資金","消費資金"
"R_SIKINSITOM101","R_SIKINSITOM",101,"101","商品・材料仕入","商品・材料仕入資金"
"R_SIKINSITOM103","R_SIKINSITOM",103,"103","買掛金・支手決済","買掛金・支手決済"
"R_SIKINSITOM104","R_SIKINSITOM",104,"104","給与・人件費","給与・人件費"
"R_SIKINSITOM105","R_SIKINSITOM",105,"105","外注・下請払","外注・下請支払資金"
"R_SIKINSITOM106","R_SIKINSITOM",106,"106","賞与支給","賞与資金"
"R_SIKINSITOM107","R_SIKINSITOM",107,"107","決算（納税・配当）","決算資金"
"R_SIKINSITOM108","R_SIKINSITOM",108,"108","減産","減産資金"
"R_SIKINSITOM109","R_SIKINSITOM",109,"109","滞貨資金","滞貨資金"
"R_SIKINSITOM110","R_SIKINSITOM",110,"110","不渡手形（融手）買戻","不渡手形買戻し資金"
"R_SIKINSITOM111","R_SIKINSITOM",111,"111","焦付債権補填","焦付債権補填資金"
"R_SIKINSITOM112","R_SIKINSITOM",112,"112","利息支払","利息支払資金"
"R_SIKINSITOM113","R_SIKINSITOM",113,"113","赤字補填","赤字補填資金"
"R_SIKINSITOM114","R_SIKINSITOM",114,"114","株式購入","株式購入資金"
"R_SIKINSITOM115","R_SIKINSITOM",115,"115","金融商品購入","金融商品購入資金"
"R_SIKINSITOM116","R_SIKINSITOM",116,"116","土地投資資金","土地投資資金"
"R_SIKINSITOM117","R_SIKINSITOM",117,"117","その他投資資金","その他投資資金"
"R_SIKINSITOM118","R_SIKINSITOM",118,"118","投融資資金","投融資資金"
"R_SIKINSITOM119","R_SIKINSITOM",119,"119","事業性保証債務履行","事業性債務履行資金"
"R_SIKINSITOM121","R_SIKINSITOM",121,"121","増加運転資金","増加運転資金"
"R_SIKINSITOM122","R_SIKINSITOM",122,"122","在庫備蓄","在庫備蓄資金"
"R_SIKINSITOM123","R_SIKINSITOM",123,"123","整理・廃業資金","整理・廃業資金"
"R_SIKINSITOM124","R_SIKINSITOM",124,"124","リストラ","リストラ資金"
"R_SIKINSITOM125","R_SIKINSITOM",125,"125","新規起業（創業）","新規起業資金"
"R_SIKINSITOM126","R_SIKINSITOM",126,"126","商品土地購入（更地）","商品土地購入資金"
"R_SIKINSITOM127","R_SIKINSITOM",127,"127","商品建物建築","商品建物建築資金"
"R_SIKINSITOM128","R_SIKINSITOM",128,"128","商品土地・建物","商品土地建物資金"
"R_SIKINSITOM129","R_SIKINSITOM",129,"129","その他運転資金","その他運転資金"
"R_SIKINSITOM230","R_SIKINSITOM",230,"230","機械購入（機械のみ）","機械購入資金"
"R_SIKINSITOM231","R_SIKINSITOM",231,"231","機械設備補修","機械設備補修資金"
"R_SIKINSITOM232","R_SIKINSITOM",232,"232","建物・新築、増改築","建物・新築増改築"
"R_SIKINSITOM233","R_SIKINSITOM",233,"233","設備土地購入","土地購入資金"
"R_SIKINSITOM234","R_SIKINSITOM",234,"234","営業車購入","営業車購入資金"
"R_SIKINSITOM235","R_SIKINSITOM",235,"235","土地建物購入","土地建物購入資金"
"R_SIKINSITOM236","R_SIKINSITOM",236,"236","研究開発投資","研究開発投資資金"
"R_SIKINSITOM237","R_SIKINSITOM",237,"237","新規起業設備①","新規起業設備資金１"
"R_SIKINSITOM238","R_SIKINSITOM",238,"238","新規起業設備②","新規起業設備資金２"
"R_SIKINSITOM239","R_SIKINSITOM",239,"239","新規起業設備③","新規起業設備資金３"
"R_SIKINSITOM240","R_SIKINSITOM",240,"240","公害施設","公害施設"
"R_SIKINSITOM241","R_SIKINSITOM",241,"241","福利・厚生施設","福利厚生施設"
"R_SIKINSITOM242","R_SIKINSITOM",242,"242","設備近代化・合理化","設備近代化・合理化"
"R_SIKINSITOM243","R_SIKINSITOM",243,"243","増産設備","増産設備資金"
"R_SIKINSITOM244","R_SIKINSITOM",244,"244","賃貸住宅取得・改装","賃貸住宅取得・改装"
"R_SIKINSITOM245","R_SIKINSITOM",245,"245","賃貸用建物用地購入","賃貸用建物用地購入"
"R_SIKINSITOM246","R_SIKINSITOM",246,"246","賃貸建物建築","賃貸建物建築"
"R_SIKINSITOM247","R_SIKINSITOM",247,"247","賃貸建物補修・改築","賃貸建物補修・改築"
"R_SIKINSITOM248","R_SIKINSITOM",248,"248","賃貸建物・土地購入","賃貸建物・土地購入"
"R_SIKINSITOM249","R_SIKINSITOM",249,"249","その他設備資金","その他設備資金"
"R_SIKINSITOM351","R_SIKINSITOM",351,"351","建売住宅購入","建売住宅購入資金"
"R_SIKINSITOM352","R_SIKINSITOM",352,"352","中古住宅購入","中古住宅購入資金"
"R_SIKINSITOM353","R_SIKINSITOM",353,"353","新築","新築住宅資金"
"R_SIKINSITOM354","R_SIKINSITOM",500,"354","マンション購入","マンション購入資金"
"R_SIKINSITOM355","R_SIKINSITOM",356,"355","増改築修繕","住宅増改築修繕資金"
"R_SIKINSITOM356","R_SIKINSITOM",357,"356","住宅土地購入","住宅用地購入資金"
"R_SIKINSITOM357","R_SIKINSITOM",358,"357","賃貸住宅","賃貸住宅資金"
"R_SIKINSITOM358","R_SIKINSITOM",359,"358","店舗付住宅購入","店舗付住宅購入資金"
"R_SIKINSITOM359","R_SIKINSITOM",354,"354","新築マンション購入","新築マンション購入資金"
"R_SIKINSITOM360","R_SIKINSITOM",355,"354","中古マンション購入","中古マンション購入資金"
"R_SIKINSITOM369","R_SIKINSITOM",369,"369","その他の住宅資金","その他住宅資金"
"R_SIKINSITOM471","R_SIKINSITOM",471,"471","乗用車購入","乗用車購入資金"
"R_SIKINSITOM472","R_SIKINSITOM",472,"472","電化製品購入","電化製品購入資金"
"R_SIKINSITOM479","R_SIKINSITOM",479,"479","その他の消費財","その他耐久消費財"
"R_SIKINSITOM481","R_SIKINSITOM",481,"481","教育","教育資金"
"R_SIKINSITOM482","R_SIKINSITOM",482,"482","結婚","冠婚葬祭"
"R_SIKINSITOM489","R_SIKINSITOM",489,"489","その他のサービス","その他サービス"
"R_SIKINSITOM491","R_SIKINSITOM",491,"491","証券投資","証券投資資金"
"R_SIKINSITOM492","R_SIKINSITOM",492,"492","不動産関連","不動産関連資金"
"R_SIKINSITOM493","R_SIKINSITOM",493,"493","転貸資金","転貸資金"
"R_SIKINSITOM494","R_SIKINSITOM",494,"494","住宅関連","住宅関連資金"
"R_SIKINSITOM495","R_SIKINSITOM",495,"495","消費性保証債務履行","消費性債務履行資金"
"R_SIKINSITOM499","R_SIKINSITOM",499,"499","その他の消費資金","その他消費資金"
"R_SOGYOSHIEN0","R_SOGYOSHIEN",1,"0","該当しない","創業支援：該当しない"
"R_SOGYOSHIEN1","R_SOGYOSHIEN",2,"1","創業","創業支援：創業"
"R_SOGYOSHIEN2","R_SOGYOSHIEN",3,"2","第二創業","創業支援：第二創業"
"R_SOUDAI1","R_SOUDAI",1,"1","総代","総代"
"R_SOUDAI2","R_SOUDAI",2,"2","総代関連","総代関連"
"R_STATUS_LIST1","R_STATUS_LIST",1,"STS_WAIT","申請待ち","一覧検索時にステータスを選択するためのドロップダウンリスト用"
"R_STATUS_LIST10","R_STATUS_LIST",10,"STS_TORISAGE","取下","一覧検索時にステータスを選択するためのドロップダウンリスト用"
"R_STATUS_LIST2","R_STATUS_LIST",2,"STS_ING","申請中","一覧検索時にステータスを選択するためのドロップダウンリスト用"
"R_STATUS_LIST3","R_STATUS_LIST",3,"STS_WAIT","承認待ち","一覧検索時にステータスを選択するためのドロップダウンリスト用"
"R_STATUS_LIST4","R_STATUS_LIST",4,"STS_ING","承認中","一覧検索時にステータスを選択するためのドロップダウンリスト用"
"R_STATUS_LIST5","R_STATUS_LIST",5,"STS_LAST_SYONIN","最終承認","一覧検索時にステータスを選択するためのドロップダウンリスト用"
"R_STATUS_LIST7","R_STATUS_LIST",7,"STS_HININ","否認","一覧検索時にステータスを選択するためのドロップダウンリスト用"
"R_STATUS_LIST8","R_STATUS_LIST",8,"STS_SUMI","承認確認済み","一覧検索時にステータスを選択するためのドロップダウンリスト用"
"R_STATUS_LIST9","R_STATUS_LIST",9,"STS_HININ_SUMI","否認（確認済み）","一覧検索時にステータスを選択するためのドロップダウンリスト用"
"R_SUBTITLE0101","R_SUBTITLE",1,"0101","不動産　分筆","不動産担保　分筆"
"R_SUBTITLE0102","R_SUBTITLE",2,"0102","不動産　合筆","不動産担保　合筆"
"R_SUBTITLE0103","R_SUBTITLE",3,"0103","不動産　一部抹消","不動産担保　一部抹消"
"R_SUBTITLE0104","R_SUBTITLE",4,"0104","不動産　先順位変更","不動産担保　先順位変更"
"R_SUBTITLE0105","R_SUBTITLE",5,"0105","不動産　開発行為関連","不動産担保　道路位置指定、開発行為同意等"
"R_SUBTITLE0106","R_SUBTITLE",6,"0106","不動産　再評価","不動産担保　再評価"
"R_SUBTITLE0107","R_SUBTITLE",7,"0107","不動産　設定留保関連","不動産担保　設定留保申請、解除"
"R_SUBTITLE0108","R_SUBTITLE",8,"0108","不動産　仮登記地上権","不動産担保　仮登記・地上権設定、抹消"
"R_SUBTITLE0109","R_SUBTITLE",9,"0109","不動産　所有者変更","不動産担保　所有者変更"
"R_SUBTITLE0110","R_SUBTITLE",10,"0110","不動産　追担、変更","不動産担保　追加担保、変更"
"R_SUBTITLE0111","R_SUBTITLE",11,"0111","不動産　地目変更","不動産担保　地目変更"
"R_SUBTITLE0112","R_SUBTITLE",12,"0112","不動産　表示変更","不動産担保　表示変更"
"R_SUBTITLE0114","R_SUBTITLE",13,"0114","不動産　根抵当権確定","不動産担保　根抵当権確定"
"R_SUBTITLE0115","R_SUBTITLE",14,"0115","不動産　債務者変更","不動産担保　債務者変更"
"R_SUBTITLE0116","R_SUBTITLE",15,"0116","不動産　全部抹消","不動産担保　全部抹消"
"R_SUBTITLE0117","R_SUBTITLE",16,"0117","不動産　極度額変更","不動産担保　極度額変更"
"R_SUBTITLE0118","R_SUBTITLE",17,"0118","不動産　共用根流用額","不動産担保　共用根抵当権流用額変更"
"R_SUBTITLE0119","R_SUBTITLE",18,"0119","不動産　協会流用関連","不動産担保　協会流用設定、解除"
"R_SUBTITLE0120","R_SUBTITLE",19,"0120","不動産　根譲渡、譲受","不動産担保　根抵当権譲渡、譲受"
"R_SUBTITLE0199","R_SUBTITLE",20,"0199","不動産　その他","不動産担保　その他"
"R_SUBTITLE0201","R_SUBTITLE",21,"0201","預担　設定","預金担保　設定"
"R_SUBTITLE0202","R_SUBTITLE",22,"0202","預担　変更","預金担保　変更"
"R_SUBTITLE0203","R_SUBTITLE",23,"0203","預担　解除","預金担保　解除"
"R_SUBTITLE0204","R_SUBTITLE",24,"0204","預担　差替","預金担保　差替"
"R_SUBTITLE0205","R_SUBTITLE",25,"0205","預担　質権設定承諾","預金担保　質権設定承諾"
"R_SUBTITLE0206","R_SUBTITLE",26,"0206","預担　相殺","預金担保　相殺"
"R_SUBTITLE0299","R_SUBTITLE",27,"0299","預担　その他","預金担保　その他"
"R_SUBTITLE0301","R_SUBTITLE",28,"0301","有価証券担保　設定","有価証券担保　設定"
"R_SUBTITLE0303","R_SUBTITLE",29,"0303","有価証券担保　解除","有価証券担保　解除"
"R_SUBTITLE0304","R_SUBTITLE",30,"0304","有価証券担保　差替","有価証券担保　差替"
"R_SUBTITLE0399","R_SUBTITLE",31,"0399","有価証券担保　その他","有価証券担保　その他"
"R_SUBTITLE0403","R_SUBTITLE",32,"0403","商業手形担保　解除","商業手形担保　解除"
"R_SUBTITLE0404","R_SUBTITLE",33,"0404","商業手形担保　差替","商業手形担保　差替"
"R_SUBTITLE0499","R_SUBTITLE",34,"0499","商業手形担保　その他","商業手形担保　その他"
"R_SUBTITLE0501","R_SUBTITLE",35,"0501","保証人　設定","保証人　設定"
"R_SUBTITLE0502","R_SUBTITLE",36,"0502","保証人　変更","保証人　変更"
"R_SUBTITLE0503","R_SUBTITLE",37,"0503","保証人　解除","保証人　解除"
"R_SUBTITLE0504","R_SUBTITLE",38,"0504","保証人　条件変更","保証人　条件変更"
"R_SUBTITLE0505","R_SUBTITLE",39,"0505","根保証人　免除申請","根保証人　免除申請"
"R_SUBTITLE0506","R_SUBTITLE",40,"0506","根保証人　免除取下げ","根保証人　免除取下げ"
"R_SUBTITLE0599","R_SUBTITLE",41,"0599","保証人　その他","保証人　その他"
"R_SUBTITLE0601","R_SUBTITLE",42,"0601","火災保険　設定","火災保険　設定"
"R_SUBTITLE0602","R_SUBTITLE",43,"0602","火災保険　変更","火災保険　変更"
"R_SUBTITLE0603","R_SUBTITLE",44,"0603","火災保険　解除","火災保険　解除"
"R_SUBTITLE0604","R_SUBTITLE",45,"0604","火災保険　支払指図","火災保険　支払指図"
"R_SUBTITLE0699","R_SUBTITLE",46,"0699","火災保険　その他","火災保険　その他"
"R_SUBTITLE0901","R_SUBTITLE",47,"0901","その他担保　設定","その他担保　設定"
"R_SUBTITLE0902","R_SUBTITLE",48,"0902","その他担保　変更","その他担保　変更"
"R_SUBTITLE0903","R_SUBTITLE",49,"0903","その他担保　解除","その他担保　解除"
"R_SUBTITLE0999","R_SUBTITLE",50,"0999","その他担保　その他","その他担保　その他"
"R_SUBTITLE1001","R_SUBTITLE",51,"1001","申請条件　分譲計画","申請条件　分譲計画変更"
"R_SUBTITLE1002","R_SUBTITLE",52,"1002","申請条件　承認条件","申請条件　承認条件変更"
"R_SUBTITLE1099","R_SUBTITLE",53,"1099","申請条件　その他","申請条件　その他"
"R_SUBTITLE1101","R_SUBTITLE",54,"1101","債務者　債務引受","債務者関連　債務引受"
"R_SUBTITLE1102","R_SUBTITLE",55,"1102","債務者　名称変更","債務者関連　名称変更"
"R_SUBTITLE1103","R_SUBTITLE",56,"1103","債務者　代表者変更","債務者関連　代表者変更"
"R_SUBTITLE1104","R_SUBTITLE",57,"1104","債務者　組織変更","債務者関連　組織変更"
"R_SUBTITLE1199","R_SUBTITLE",58,"1199","債務者　その他","債務者関連　その他"
"R_SUBTITLE1299","R_SUBTITLE",59,"1299","コード変更　その他","コード変更　その他"
"R_SUBTITLE1301","R_SUBTITLE",60,"1301","利息　利息延損金減免","利息関係　利息延損金免除・減免"
"R_SUBTITLE1302","R_SUBTITLE",61,"1302","利息　利払方法変更","利息関係　利払方法"
"R_SUBTITLE1303","R_SUBTITLE",62,"1303","利息　利払周期変更","利息関係　利払周期"
"R_SUBTITLE1304","R_SUBTITLE",63,"1304","利息　確定取引申請","利息関係　利息確定取引申請"
"R_SUBTITLE1305","R_SUBTITLE",64,"1305","利息　確定取引解除","利息関係　利息確定取引解除"
"R_SUBTITLE1306","R_SUBTITLE",65,"1306","利息　修正利息","利息関係　修正利息"
"R_SUBTITLE1399","R_SUBTITLE",66,"1399","利息　その他","利息関係　その他"
"R_SUBTITLE1501","R_SUBTITLE",68,"1501","差押関連　不動産","差押・仮差押　不動産仮差押"
"R_SUBTITLE1502","R_SUBTITLE",69,"1502","差押関連　不渡預託金","差押・仮差押　不渡異議申立預託金仮差押"
"R_SUBTITLE1503","R_SUBTITLE",70,"1503","差押関連　給料","差押・仮差押　給料仮差押"
"R_SUBTITLE1504","R_SUBTITLE",71,"1504","差押関連　債権","差押・仮差押　債権仮差押"
"R_SUBTITLE1505","R_SUBTITLE",72,"1505","差押関連　物上代位権","差押・仮差押　物上代位家賃差押"
"R_SUBTITLE1506","R_SUBTITLE",73,"1506","差押関連　競売申立","差押・仮差押　競売申立"
"R_SUBTITLE1507","R_SUBTITLE",74,"1507","差押関連　競売取下","差押・仮差押　取下げ"
"R_SUBTITLE1508","R_SUBTITLE",75,"1508","差押関連　競売延期","差押・仮差押　競売入札延期"
"R_SUBTITLE1599","R_SUBTITLE",76,"1599","差押関連　その他","差押・仮差押　その他"
"R_SUBTITLE1601","R_SUBTITLE",77,"1601","格付　格付変更","格付　格付変更"
"R_SUBTITLE1699","R_SUBTITLE",78,"1699","格付　その他","格付　その他"
"R_SUBTITLE1701","R_SUBTITLE",79,"1701","不動産担保＊評価替え","不動産担保＊　評価替え"
"R_SUBTITLE1702","R_SUBTITLE",80,"1702","不動産担保＊地目変更","不動産担保＊　地目変更"
"R_SUBTITLE1703","R_SUBTITLE",81,"1703","不動産担保＊変更登記","不動産担保＊　変更登記（当初）"
"R_SUBTITLE1704","R_SUBTITLE",82,"1704","不動産＊協会流用減少","不動産担保＊　協会流用減少"
"R_SUBTITLE1705","R_SUBTITLE",83,"1705","不動産＊先順位減少","不動産担保＊　先順位減少・抹消"
"R_SUBTITLE1706","R_SUBTITLE",84,"1706","不動産＊先順位抹消","不動産担保＊　先順位減少・抹消"
"R_SUBTITLE1707","R_SUBTITLE",85,"1707","正常先＊商品一部抹消","正常先＊商品一部抹消"
"R_SUBTITLE1708","R_SUBTITLE",86,"1708","正常先＊商品全部抹消","正常先＊商品全部抹消"
"R_SUBTITLE1801","R_SUBTITLE",87,"1801","火災保険＊規定内取引","火災保険＊　設定・変更・解除（規定内）"
"R_SUBTITLE1901","R_SUBTITLE",88,"1901","預金担保＊相殺","預金担保＊　相殺（貸出減）"
"R_SUBTITLE2001","R_SUBTITLE",89,"2001","取組方針書　新規作成","取組方針書　新規作成"
"R_SUBTITLE2002","R_SUBTITLE",90,"2002","取組方針書　変更","取組方針書　変更"
"R_SUBTITLE2101","R_SUBTITLE",94,"2101","動産担保　事前協議","動産担保　事前協議"
"R_SUBTITLE2102","R_SUBTITLE",95,"2102","動産担保　設定","動産担保　設定"
"R_SUBTITLE2103","R_SUBTITLE",96,"2103","動産担保　ﾓﾆﾀﾘﾝｸﾞ","動産担保　ﾓﾆﾀﾘﾝｸﾞ"
"R_SUBTITLE2104","R_SUBTITLE",97,"2104","動産担保　再評価","動産担保　再評価"
"R_SUBTITLE2105","R_SUBTITLE",98,"2105","動産担保　抹消","動産担保　抹消"
"R_SUBTITLE2106","R_SUBTITLE",99,"2106","動産担保　その他","動産担保　その他"
"R_SUBTITLE2107","R_SUBTITLE",100,"2107","動産担保　担保権実行","動産担保　担保権実行"
"R_SUBTITLE2201","R_SUBTITLE",101,"2201","債権担保　事前協議","債権担保　事前協議"
"R_SUBTITLE2202","R_SUBTITLE",102,"2202","債権担保　設定(登記)","債権担保　設定(登記)"
"R_SUBTITLE2203","R_SUBTITLE",103,"2203","債権担保　設定(通知)","債権担保　設定(通知)"
"R_SUBTITLE2204","R_SUBTITLE",104,"2204","債権担保　抹消","債権担保　抹消"
"R_SUBTITLE2205","R_SUBTITLE",105,"2205","債権担保　解除","債権担保　解除"
"R_SUBTITLE2206","R_SUBTITLE",106,"2206","債権担保　ﾓﾆﾀﾘﾝｸﾞ","債権担保　ﾓﾆﾀﾘﾝｸﾞ"
"R_SUBTITLE2207","R_SUBTITLE",107,"2207","債権担保　再評価","債権担保　再評価"
"R_SUBTITLE2208","R_SUBTITLE",108,"2208","債権担保　その他","債権担保　その他"
"R_SUBTITLE2209","R_SUBTITLE",109,"2209","債権担保　担保権実行","債権担保　担保権実行"
"R_SUBTITLE2301","R_SUBTITLE",67,"2301","レートダウン申請","レートダウン申請"
"R_SUBTITLE9000","R_SUBTITLE",91,"9000","移管申請","移管申請"
"R_SUBTITLE9301","R_SUBTITLE",92,"9301","割引手形　条件変更","割引手形　条件変更"
"R_SUBTITLE9305","R_SUBTITLE",93,"9305","証書貸付　極度額申請","証書貸付　極度額申請"
"R_SUBTITLE9901","R_SUBTITLE",110,"9901","面談記録・ＢＭ","面談記録・ＢＭ"
"R_SUBTITLE9999","R_SUBTITLE",111,"9999","その他","その他"
"R_SYOHINKBN00","R_SYOHINKBN",1,"00","その他","商品コードを束ねる区分が存在している場合、コード内容を追加する。syohincodeテーブルI/Fで使用する。"
"R_SYUUGYOUJYO1","R_SYUUGYOUJYO",1,"1","勤務","勤務"
"R_SYUUGYOUJYO2","R_SYUUGYOUJYO",2,"2","自営","自営"
"R_SYUUGYOUJYO3","R_SYUUGYOUJYO",3,"3","無職","無職"
"R_SYUUGYOUJYO4","R_SYUUGYOUJYO",4,"4","その他","その他"
"R_TGTPCREMENT01","R_TGTPCREMENT",1,"01","自己資金","自己資金"
"R_TGTPCREMENT02","R_TGTPCREMENT",2,"02","親族からの恩借","親族からの恩借"
"R_TGTPCREMENT03","R_TGTPCREMENT",3,"03","取引先からの支援","取引先からの支援"
"R_TOKASISYUBET1","R_TOKASISYUBET",1,"1","商手型","当座貸越種別・商手型（一括支払）"
"R_TOKASISYUBET2","R_TOKASISYUBET",2,"2","手貸型","当座貸越種別・手貸型"
"R_TOKASISYUBET3","R_TOKASISYUBET",3,"3","証貸型","当座貸越種別・証貸型"
"R_TORIHIKISYU1","R_TORIHIKISYU",1,"1","都度","都度"
"R_TORIHIKISYU2","R_TORIHIKISYU",2,"2","極度","極度"
"R_TORIHIKISYU3","R_TORIHIKISYU",3,"3","極度内","極度内"
"R_TORISAGE_101","R_TORISAGE_1",1,"01","①調達の目途が立つ","①調達の目途が立つ"
"R_TORISAGE_102","R_TORISAGE_1",2,"02","②他の金融機関で調達","②他の金融機関で調達"
"R_TORISAGE_103","R_TORISAGE_1",3,"03","③資金需要が無くなる","③資金需要が無くなる"
"R_TORISAGE_104","R_TORISAGE_1",4,"04","④事業継続を断念","④事業継続を断念"
"R_TORISAGE_105","R_TORISAGE_1",5,"05","⑤法的破綻が決定","⑤法的破綻が決定"
"R_TORISAGE_106","R_TORISAGE_1",6,"06","⑥その他","⑥その他"
"R_TORISAGE_201","R_TORISAGE_2",1,"01","①調達の目途が立つ","①調達の目途が立つ"
"R_TORISAGE_202","R_TORISAGE_2",2,"02","②他の金融機関で調達","②他の金融機関で調達"
"R_TORISAGE_203","R_TORISAGE_2",3,"03","③資金需要が無くなる","③資金需要が無くなる"
"R_TORISAGE_204","R_TORISAGE_2",4,"04","④私的整理に向う","④私的整理に向う"
"R_TORISAGE_205","R_TORISAGE_2",5,"05","⑤法的破綻が決定","⑤法的破綻が決定"
"R_TORISAGE_206","R_TORISAGE_2",6,"06","⑥その他","⑥その他"
"R_TORISAGE_301","R_TORISAGE_3",1,"01","①調達の目途が立つ","①調達の目途が立つ"
"R_TORISAGE_302","R_TORISAGE_3",2,"02","②他の金融機関で調達","②他の金融機関で調達"
"R_TORISAGE_303","R_TORISAGE_3",3,"03","③申込原因が無くなる","③申込原因が無くなる"
"R_TORISAGE_304","R_TORISAGE_3",4,"04","④債務整理","④債務整理"
"R_TORISAGE_305","R_TORISAGE_3",5,"05","⑤申込内容の変更","⑤申込内容の変更"
"R_TORISAGE_306","R_TORISAGE_3",6,"06","⑥その他(補足必須)","⑥その他(補足必須)"
"R_TORISAGE01","R_TORISAGE",1,"01","支店要請","取下理由-支店要請"
"R_TORISAGE02","R_TORISAGE",2,"02","本部要請","取下理由-本部要請"
"R_TORISAGE99","R_TORISAGE",3,"99","その他","取下理由-その他"
"R_TORISAGERSN01","R_TORISAGERSN",1,"1","取下理由１","顧客申し出による取下"
"R_TORISAGERSN02","R_TORISAGERSN",2,"2","取下理由２","稟議作成ミス等による取下"
"R_TORISAGERSN03","R_TORISAGERSN",3,"3","取下理由３","その他本部指示等による取下"
"R_TOZAKASHIKO2","R_TOZAKASHIKO",1,"2","2： 手貸型","手貸型"
"R_TOZAKASHIKO3","R_TOZAKASHIKO",2,"3","3： 証貸型","証貸型"
"R_TREATSTD1","R_TREATSTD",1,"1","一般基準","一般基準"
"R_TREATSTD2","R_TREATSTD",2,"2","Ｓ基準","Ｓ基準"
"R_UKETUKEJOKY1","R_UKETUKEJOKY",1,"1","新規顧客：店頭受付","新規顧客：店頭受付"
"R_UKETUKEJOKY2","R_UKETUKEJOKY",2,"2","新規顧客：セールス先","新規顧客：セールス先"
"R_UKETUKEJOKY3","R_UKETUKEJOKY",3,"3","新規顧客：紹介先","新規顧客：紹介先"
"R_UKETUKEJOKY4","R_UKETUKEJOKY",4,"4","既往顧客：与信有り","既往顧客：与信有り"
"R_UKETUKEJOKY5","R_UKETUKEJOKY",5,"5","既往顧客：与信なし","既往顧客：与信なし"
"R_USEDIV11","R_USEDIV1",1,"1","住宅購入","住宅購入"
"R_USEDIV12","R_USEDIV1",2,"2","新築","新築"
"R_USEDIV13","R_USEDIV1",3,"3","増築","増築"
"R_USEDIV14","R_USEDIV1",4,"4","改築","改築"
"R_USEDIV15","R_USEDIV1",5,"5","土地購入","土地購入"
"R_USEDIV16","R_USEDIV1",6,"6","肩代わり","肩代わり"
"R_USEDIV17","R_USEDIV1",7,"7","その他","その他"
"R_USEDIV21","R_USEDIV2",1,"1","一戸建（専用住宅）","一戸建（専用住宅）"
"R_USEDIV22","R_USEDIV2",2,"2","連棟住宅（専用住宅）","連棟住宅（専用住宅）"
"R_USEDIV23","R_USEDIV2",3,"3","併用住宅(店舗その他)","併用住宅（店舗・事務所・その他）"
"R_USEDIV24","R_USEDIV2",4,"4","マンション","マンション"
"R_VENTURE1","R_VENTURE",1,"1","ベンチャー企業等","ベンチャー企業等"
"R_VENTURE2","R_VENTURE",2,"2","中信ﾍﾞﾝﾁｬｰ関与先等","中信ベンチャー関与先等"
"R_WAKUKODO1","R_WAKUKODO",1,"1","都度","都度"
"R_WAKUKODO2","R_WAKUKODO",2,"2","極度","極度"
"R_WF_STATUS01","R_WF_STATUS",1,"VIEW_READY","処理待ち","処理待ち"
"R_WF_STATUS02","R_WF_STATUS",2,"VIEW_SENT","回付中","回付中"
"R_WF_STATUS03","R_WF_STATUS",3,"VIEW_COMPLETE","完了","完了"
"R_WF_STATUS04","R_WF_STATUS",4,"VIEW_NOCOMPLETE","未完了","未完了"
"R_YKN_KAZEI1","R_YKN_KAZEI",1,"1","総合課税","預貸金明細照会票-課税コード-I/F受信＆出力用"
"R_YKN_KAZEI2","R_YKN_KAZEI",2,"2","分離課税","預貸金明細照会票-課税コード-I/F受信＆出力用"
"R_YKN_KAZEI3","R_YKN_KAZEI",3,"3","マル優","預貸金明細照会票-課税コード-I/F受信＆出力用"
"R_YKN_KAZEI4","R_YKN_KAZEI",4,"4","非課税","預貸金明細照会票-課税コード-I/F受信＆出力用"
"R_YKN_KAZEI6","R_YKN_KAZEI",5,"6","マル財","預貸金明細照会票-課税コード-I/F受信＆出力用"
"R_YKN_KAZEI7","R_YKN_KAZEI",6,"7","マル特","預貸金明細照会票-課税コード-I/F受信＆出力用"
"R_YKN_KIKAN01","R_YKN_KIKAN",1,"01","1ヶ月","預貸金明細照会票-期間コード-I/F受信＆出力用"
"R_YKN_KIKAN02","R_YKN_KIKAN",2,"02","2ヶ月","預貸金明細照会票-期間コード-I/F受信＆出力用"
"R_YKN_KIKAN03","R_YKN_KIKAN",3,"03","3ヶ月","預貸金明細照会票-期間コード-I/F受信＆出力用"
"R_YKN_KIKAN06","R_YKN_KIKAN",4,"06","6ヶ月","預貸金明細照会票-期間コード-I/F受信＆出力用"
"R_YKN_KIKAN12","R_YKN_KIKAN",5,"12","1年","預貸金明細照会票-期間コード-I/F受信＆出力用"
"R_YKN_KIKAN24","R_YKN_KIKAN",6,"24","2年","預貸金明細照会票-期間コード-I/F受信＆出力用"
"R_YKN_KIKAN36","R_YKN_KIKAN",7,"36","3年","預貸金明細照会票-期間コード-I/F受信＆出力用"
"R_YKN_KIKAN48","R_YKN_KIKAN",8,"48","4年","預貸金明細照会票-期間コード-I/F受信＆出力用"
"R_YKN_KIKAN60","R_YKN_KIKAN",9,"60","5年","預貸金明細照会票-期間コード-I/F受信＆出力用"
"R_YKN_TEIKI02","R_YKN_TEIKI",1,"02","期日指定定期","預貸金明細照会票-定期預金区分-I/F受信＆出力用"
"R_YKN_TEIKI04","R_YKN_TEIKI",2,"04","大口定期","預貸金明細照会票-定期預金区分-I/F受信＆出力用"
"R_YKN_TEIKI07","R_YKN_TEIKI",3,"07","スーパー定期単利","預貸金明細照会票-定期預金区分-I/F受信＆出力用"
"R_YKN_TEIKI08","R_YKN_TEIKI",4,"08","スーパー定期複利","預貸金明細照会票-定期預金区分-I/F受信＆出力用"
"R_YKN_TEIKI09","R_YKN_TEIKI",5,"09","変動金利単利","預貸金明細照会票-定期預金区分-I/F受信＆出力用"
"R_YKN_TEIKI10","R_YKN_TEIKI",6,"10","変動金利複利","預貸金明細照会票-定期預金区分-I/F受信＆出力用"
"R_YKN_TEIKI11","R_YKN_TEIKI",7,"11","定額複利預金","預貸金明細照会票-定期預金区分-I/F受信＆出力用"
"R_YOKINKAMOK1","R_YOKINKAMOK",1,"1","当座預金","預金科目(日次I/F受信)"
"R_YOKINKAMOK13","R_YOKINKAMOK",5,"13","通知預金","預金科目(日次I/F受信)"
"R_YOKINKAMOK16","R_YOKINKAMOK",7,"16","定期預金","預金科目(日次I/F受信)"
"R_YOKINKAMOK17","R_YOKINKAMOK",11,"17","定期積金","預金科目(日次I/F受信)"
"R_YOKINKAMOK18","R_YOKINKAMOK",9,"18","積立式定期預金","預金科目(日次I/F受信)"
"R_YOKINKAMOK19","R_YOKINKAMOK",10,"19","財形預金","預金科目(日次I/F受信)"
"R_YOKINKAMOK2","R_YOKINKAMOK",2,"2","普通預金","預金科目(日次I/F受信)"
"R_YOKINKAMOK29","R_YOKINKAMOK",8,"29","外貨定期預金","預金科目(日次I/F受信)"
"R_YOKINKAMOK3","R_YOKINKAMOK",3,"3","納税準備預金","預金科目(日次I/F受信)"
"R_YOKINKAMOK4","R_YOKINKAMOK",4,"4","財蓄預金","預金科目(日次I/F受信)"
"R_YOKINKAMOK5","R_YOKINKAMOK",6,"5","外貨要払性預金","預金科目(日次I/F受信)"
"R_ZEIRISHISD01","R_ZEIRISHISD",1,"01","京税中信クラブ会員","京税中信クラブ会員"
"R_ZEIRISHISD02","R_ZEIRISHISD",2,"02","京税会員以外","京税中信クラブ会員以外"
"RECOVERY","DEFINITION",12,"RECOVERY","債権回収","ユーザ登録関連で利用"
"REGISTRY_TYPE1","REGISTRY_TYPE",1,"1","土地","土地"
"REGISTRY_TYPE2","REGISTRY_TYPE",2,"2","建物","建物"
"REGISTRY_TYPE3","REGISTRY_TYPE",3,"3","区分所有","区分所有"
"Request","DEFINITION",9,"Request","電子稟議（申込受付）","ユーザ登録関連で利用"
"RIYOUJYOKYO01","RIYOUJYOKYO",1,"01","自用","自用"
"RIYOUJYOKYO02","RIYOUJYOKYO",2,"02","賃貸","賃貸"
"RIYOUJYOKYO03","RIYOUJYOKYO",3,"03","一部賃貸","一部賃貸"
"RIYOUJYOKYO99","RIYOUJYOKYO",99,"99","その他","その他"
"ROOF1","ROOF",1,"1","スレート葺","スレート葺"
"ROOF2","ROOF",2,"2","瓦葺","瓦葺"
"ROOF3","ROOF",3,"3","セメント葺等","セメント葺等"
"ROOF4","ROOF",4,"4","その他","その他"
"SAIMUSHAKBNHJ10","SAIMUSHAKBNHJ",1,"SEIJYO","正常先","正常先"
"SAIMUSHAKBNHJ20","SAIMUSHAKBNHJ",2,"YOUTYU","要注意先","要注意先"
"SAIMUSHAKBNHJ21","SAIMUSHAKBNHJ",3,"YOUKAN","要注意先（要管理先）","要注意先（要管理先）"
"SAIMUSHAKBNHJ30","SAIMUSHAKBNHJ",4,"HAKE","破綻懸念先","破綻懸念先"
"SAIMUSHAKBNHJ40","SAIMUSHAKBNHJ",5,"JIPPA","実質破綻先","実質破綻先"
"SAIMUSHAKBNHJ50","SAIMUSHAKBNHJ",6,"HATAN","破綻先","破綻先"
"SALESFORCE","DEFINITION",6,"SALESFORCE","営業支援","テンプレート取得関連"
"SANSYUTUKI1","SANSYUTUKI",2,"2","１期で算出","１期"
"SANSYUTUKI2","SANSYUTUKI",1,"1","２期で算出","２期"
"SATEIHANTEI0","SATEIHANTEI",9,"0","その他","その他"
"SATEIHANTEI1","SATEIHANTEI",1,"1","格付相当の債務者区分","格付相当の債務者区分"
"SATEIHANTEI2","SATEIHANTEI",2,"2","条変内容により判定","条変内容により判定"
"SATEIHANTEI3","SATEIHANTEI",3,"3","事故項目により判定","事故項目により判定"
"SATEIHANTEI4","SATEIHANTEI",4,"4","延滞月数により判定","延滞月数により判定"
"SATEIHANTEI5","SATEIHANTEI",5,"5","延滞解消により判定","延滞解消により判定"
"SATEIHANTEI6","SATEIHANTEI",6,"6","改善計画により判定","改善計画により判定"
"SATEIMODOSI0","SATEIMODOSI",9,"0","その他","その他"
"SATEIMODOSI1","SATEIMODOSI",1,"1","債務者区分要修正","債務者区分要修正"
"SATEIMODOSI2","SATEIMODOSI",2,"2","担保明細要修正","担保明細要修正"
"SATEIMODOSI3","SATEIMODOSI",3,"3","コメント要修正","コメント要修正"
"SATEIMODOSI4","SATEIMODOSI",4,"4","条変フラグ変更","条変フラグ変更"
"SATEIMODOSI5","SATEIMODOSI",5,"5","要管理債権フラグ変更","要管理債権フラグ変更"
"SATEIMODOSI6","SATEIMODOSI",6,"6","固定フラグ変更","固定フラグ変更"
"SATEITORISAGE0","SATEITORISAGE",9,"0","その他","その他"
"SATEITORISAGE1","SATEITORISAGE",1,"1","先行処理あり","先行処理あり"
"SATEITORISAGE2","SATEITORISAGE",2,"2","後発処理あり","後発処理あり"
"SENDSTATUS0","SENDSTATUS",1,"1","未送信","未送信"
"SENDSTATUS1","SENDSTATUS",2,"2","送信済","送信済"
"SENDSTATUS2","SENDSTATUS",3,"3","登録エラー","登録エラー"
"SH_REQUEST","USERLEVEL",1,"SH_REQUEST","担当者","（営業店）　担当者"
"SIKINSITO101","SIKINSITO",101,"101","商品・材料仕入","（運転資金）　商品・材料仕入"
"SIKINSITO103","SIKINSITO",103,"103","買掛金・支手決済","（運転資金）　買掛金・支手決済"
"SIKINSITO104","SIKINSITO",104,"104","給与・人件費","（運転資金）　給与・人件費"
"SIKINSITO105","SIKINSITO",105,"105","外注・下請払","（運転資金）　外注・下請払"
"SIKINSITO106","SIKINSITO",106,"106","賞与支給","（運転資金）　賞与支給"
"SIKINSITO107","SIKINSITO",107,"107","決算（納税・配当）","（運転資金）　決算（納税・配当）"
"SIKINSITO108","SIKINSITO",108,"108","減産","（運転資金）　減産"
"SIKINSITO109","SIKINSITO",109,"109","滞貨資金","（運転資金）　滞貨資金"
"SIKINSITO110","SIKINSITO",110,"110","不渡手形（融手）買戻","（運転資金）　不渡手形（融手）買戻"
"SIKINSITO111","SIKINSITO",111,"111","焦付債権補填","（運転資金）　焦付債権補填"
"SIKINSITO112","SIKINSITO",112,"112","利息支払","（運転資金）　利息支払"
"SIKINSITO113","SIKINSITO",113,"113","赤字補填","（運転資金）　赤字補填"
"SIKINSITO114","SIKINSITO",114,"114","株式購入","（運転資金）　株式購入"
"SIKINSITO115","SIKINSITO",115,"115","金融商品購入","（運転資金）　金融商品購入"
"SIKINSITO116","SIKINSITO",116,"116","土地投資資金","（運転資金）　土地投資資金"
"SIKINSITO117","SIKINSITO",117,"117","その他投資資金","（運転資金）　その他投資資金"
"SIKINSITO118","SIKINSITO",118,"118","投融資資金","（運転資金）　投融資資金"
"SIKINSITO119","SIKINSITO",119,"119","事業性保証債務履行","（運転資金）　事業性保証債務履行"
"SIKINSITO121","SIKINSITO",121,"121","増加運転資金","（運転資金）　増加運転資金"
"SIKINSITO122","SIKINSITO",122,"122","在庫備蓄","（運転資金）　在庫備蓄"
"SIKINSITO123","SIKINSITO",123,"123","整理・廃業資金","（運転資金）　整理・廃業資金"
"SIKINSITO124","SIKINSITO",124,"124","リストラ","（運転資金）　リストラ"
"SIKINSITO125","SIKINSITO",125,"125","新規起業（創業）","（運転資金）　新規起業（創業）"
"SIKINSITO126","SIKINSITO",126,"126","商品土地購入（更地）","（運転資金）　商品土地購入（更地）"
"SIKINSITO127","SIKINSITO",127,"127","商品建物建築","（運転資金）　商品建物建築"
"SIKINSITO128","SIKINSITO",128,"128","商品土地・建物","（運転資金）　商品土地・建物（戸建・マンション・テナント）"
"SIKINSITO129","SIKINSITO",129,"129","その他運転資金","（運転資金）　その他運転資金"
"SIKINSITO230","SIKINSITO",230,"230","機械購入（機械のみ）","（設備資金）　機械購入（機械のみ）"
"SIKINSITO231","SIKINSITO",231,"231","機械設備補修","（設備資金）　機械設備補修"
"SIKINSITO232","SIKINSITO",232,"232","建物・新築、増改築","（設備資金）　建物・新築、増改築"
"SIKINSITO233","SIKINSITO",233,"233","設備土地購入","（設備資金）　設備土地購入"
"SIKINSITO234","SIKINSITO",234,"234","営業車購入","（設備資金）　営業車購入"
"SIKINSITO235","SIKINSITO",235,"235","土地建物購入","（設備資金）　土地建物購入"
"SIKINSITO236","SIKINSITO",236,"236","研究開発投資","（設備資金）　研究開発投資"
"SIKINSITO237","SIKINSITO",237,"237","新規起業設備①","（設備資金）　新規起業設備①土地・建物・機械設備等（創業）（副業）"
"SIKINSITO238","SIKINSITO",238,"238","新規起業設備②","（設備資金）　新規起業設備②賃貸用土地建物購入（創業）（副業）"
"SIKINSITO239","SIKINSITO",239,"239","新規起業設備③","（設備資金）　新規起業設備③賃貸集合住宅取得･建築･増改築･補修(創業)(副業)"
"SIKINSITO240","SIKINSITO",240,"240","公害施設","（設備資金）　公害施設（移転等含む）"
"SIKINSITO241","SIKINSITO",241,"241","福利・厚生施設","（設備資金）　福利・厚生施設"
"SIKINSITO242","SIKINSITO",242,"242","設備近代化・合理化","（設備資金）　設備近代化・合理化（機械、建物）"
"SIKINSITO243","SIKINSITO",243,"243","増産設備","（設備資金）　増産設備（機械、建物、土地）"
"SIKINSITO244","SIKINSITO",244,"244","賃貸住宅取得・改装","（設備資金）　賃貸集合住宅取得・建築・増改築・補修"
"SIKINSITO245","SIKINSITO",245,"245","賃貸用建物用地購入","（設備資金）　賃貸用建物用地購入"
"SIKINSITO246","SIKINSITO",246,"246","賃貸建物建築","（設備資金）　賃貸建物建築"
"SIKINSITO247","SIKINSITO",247,"247","賃貸建物補修・改築","（設備資金）　賃貸建物補修・改築"
"SIKINSITO248","SIKINSITO",248,"248","賃貸建物・土地購入","（設備資金）　賃貸建物・土地購入（戸建、テナント等）"
"SIKINSITO249","SIKINSITO",249,"249","その他設備資金","（設備資金）　その他設備資金"
"SIKINSITO351","SIKINSITO",351,"351","建売住宅購入","（住宅資金）　建売住宅購入"
"SIKINSITO352","SIKINSITO",352,"352","中古住宅購入","（住宅資金）　中古住宅購入"
"SIKINSITO353","SIKINSITO",353,"353","新築","（住宅資金）　新築"
"SIKINSITO354","SIKINSITO",500,"354","マンション購入","（住宅資金）　マンション購入"
"SIKINSITO355","SIKINSITO",356,"355","増改築修繕","（住宅資金）　増改築修繕"
"SIKINSITO356","SIKINSITO",357,"356","住宅土地購入","（住宅資金）　土地購入"
"SIKINSITO357","SIKINSITO",358,"357","賃貸住宅","（住宅資金）　賃貸住宅"
"SIKINSITO358","SIKINSITO",359,"358","店舗付住宅購入","（住宅資金）　店舗付住宅購入"
"SIKINSITO359","SIKINSITO",354,"354","新築マンション購入","新築マンション購入資金"
"SIKINSITO360","SIKINSITO",355,"354","中古マンション購入","中古マンション購入資金"
"SIKINSITO369","SIKINSITO",369,"369","その他の住宅資金","（住宅資金）　その他の住宅資金"
"SIKINSITO471","SIKINSITO",471,"471","乗用車購入","（消費資金）　乗用車購入"
"SIKINSITO472","SIKINSITO",472,"472","電化製品購入","（消費資金）　電化製品購入"
"SIKINSITO479","SIKINSITO",479,"479","その他の消費財","（消費資金）　その他の消費財（衣料等）"
"SIKINSITO481","SIKINSITO",481,"481","教育","（消費資金）　教育"
"SIKINSITO482","SIKINSITO",482,"482","結婚","（消費資金）　結婚"
"SIKINSITO489","SIKINSITO",489,"489","その他のサービス","（消費資金）　その他のサービス（旅行・医療）"
"SIKINSITO491","SIKINSITO",491,"491","証券投資","（消費資金）　証券投資"
"SIKINSITO492","SIKINSITO",492,"492","不動産関連","（消費資金）　不動産関連"
"SIKINSITO493","SIKINSITO",493,"493","転貸資金","（消費資金）　転貸資金"
"SIKINSITO494","SIKINSITO",494,"494","住宅関連","（消費資金）　住宅関連"
"SIKINSITO495","SIKINSITO",495,"495","消費性保証債務履行","（消費資金）　消費性保証債務履行"
"SIKINSITO499","SIKINSITO",499,"499","その他の消費資金","（消費資金）　その他の消費資金"
"STOCK_EXC1","STOCK_EXC",1,"1","東証","東証"
"STOCK_EXC10","STOCK_EXC",10,"10","店頭","店頭"
"STOCK_EXC11","STOCK_EXC",11,"11","その他","その他"
"STOCK_EXC2","STOCK_EXC",2,"2","大証","大証"
"STOCK_EXC3","STOCK_EXC",3,"3","名証","名証"
"STOCK_EXC4","STOCK_EXC",4,"4","札証","札証"
"STOCK_EXC5","STOCK_EXC",5,"5","新証","新証"
"STOCK_EXC6","STOCK_EXC",6,"6","京証","京証"
"STOCK_EXC7","STOCK_EXC",7,"7","広証","広証"
"STOCK_EXC8","STOCK_EXC",8,"8","福証","福証"
"STOCK_EXC9","STOCK_EXC",9,"9","ナスダック","ナスダック"
"STOCK_EXC99","STOCK_EXC",99,"99","値洗い対象外","値洗い対象外"
"STRUCTURE1","STRUCTURE",1,"1","木造","木造"
"STRUCTURE2","STRUCTURE",2,"2","鉄骨造","鉄骨造"
"STRUCTURE3","STRUCTURE",3,"3","鉄筋コンクリート造","鉄筋コンクリート造"
"STRUCTURE4","STRUCTURE",4,"4","鉄骨コンクリート造","鉄骨コンクリート造"
"STRUCTURE5","STRUCTURE",5,"5","軽量鉄骨造","軽量鉄骨造"
"STRUCTURE6","STRUCTURE",6,"6","コンクリート造等","コンクリート造等"
"STRUCTURE7","STRUCTURE",7,"7","その他","その他"
"STUTUSKBN1","STUTUSKBN",1,"1","初審登録済み","初審登録済み"
"STUTUSKBN2","STUTUSKBN",2,"2","本部登録承認済み","本部登録承認済み"
"STUTUSKBN3","STUTUSKBN",3,"3","営業店回答済み","営業店回答済み"
"STUTUSKBN4","STUTUSKBN",4,"4","支店長承認済み","支店長承認済み"
"STUTUSKBN5","STUTUSKBN",5,"5","本部初審承認済み","本部初審承認済み"
"STUTUSKBN6","STUTUSKBN",6,"6","本部承認済み","本部承認済み"
"STUTUSKBN7","STUTUSKBN",7,"7","対応完了","対応完了"
"SYURYOKU1","SYURYOKU",1,"1","主力","主力取引"
"SYURYOKU2","SYURYOKU",2,"2","準主力","準主力取引"
"SYURYOKU3","SYURYOKU",3,"3","その他","その他"
"TAIOUJYOUKYOU01","TAIOUJYOUKYOU",1,"1","課題抽出済","課題抽出済"
"TAIOUJYOUKYOU02","TAIOUJYOUKYOU",2,"2","本部報告済","本部報告済"
"TAIOUJYOUKYOU03","TAIOUJYOUKYOU",3,"3","支援中","支援中"
"TAIOUJYOUKYOU04","TAIOUJYOUKYOU",4,"4","支援完了","支援完了"
"TAIOUKIKAN01","TAIOUKIKAN",1,"1","仲介会社(M&Aｾﾝﾀｰ等)","仲介会社(M&Aｾﾝﾀｰ等)"
"TAIOUKIKAN02","TAIOUKIKAN",2,"2","ｺﾝｻﾙ会社(山田ｺﾝｻﾙ等)","ｺﾝｻﾙ会社(山田ｺﾝｻﾙ等)"
"TAIOUKIKAN03","TAIOUKIKAN",2,"2","ｲﾝﾀｰﾈｯﾄM&Aｻｰﾋﾞｽ","ｲﾝﾀｰﾈｯﾄM&Aｻｰﾋﾞｽ"
"TAIOUKIKAN04","TAIOUKIKAN",2,"2","各事業引継ぎ支援ｾﾝﾀｰ","各事業引継ぎ支援ｾﾝﾀｰ"
"TAIOUKIKAN05","TAIOUKIKAN",2,"2","税理士・公認会計士","税理士・公認会計士"
"TAIOUKIKAN99","TAIOUKIKAN",3,"3","その他","その他"
"TAKINMEAN1","TAKINMEAN",1,"1","売買","売買"
"TAKINMEAN2","TAKINMEAN",2,"2","相続","相続"
"TAKINMEAN3","TAKINMEAN",3,"3","競売","競売"
"TAKINMEAN4","TAKINMEAN",4,"4","贈与","贈与"
"TAKINMEAN5","TAKINMEAN",5,"5","その他","その他"
"TANPOFDOU1","TANPOFDOU",1,"1","不動産","不動産"
"TANPOHANYOU1","TANPOHANYOU",4,"1","保証人","保証人(会社)"
"TANPOHANYOU10","TANPOHANYOU",10,"10","別除権","別除権"
"TANPOHANYOU11","TANPOHANYOU",11,"11","5年以内の回収見込額","5年以内の回収見込額"
"TANPOHANYOU12","TANPOHANYOU",12,"12","CF・清算配当","CF・清算配当"
"TANPOHANYOU2","TANPOHANYOU",3,"2","保証協会","保証協会"
"TANPOHANYOU3","TANPOHANYOU",2,"3","有価証券","有価証券"
"TANPOHANYOU4","TANPOHANYOU",1,"4","預金","預金"
"TANPOHANYOU5","TANPOHANYOU",7,"5","動産他","動産その他"
"TANPOHANYOU6","TANPOHANYOU",8,"6","その他","その他"
"TANPOHANYOU7","TANPOHANYOU",5,"7","その他保証","その他保証"
"TANPOHANYOU8","TANPOHANYOU",6,"8","その他分類額修正","その他分類額修正"
"TANPOHANYOU9","TANPOHANYOU",9,"9","出資金","出資金"
"TANPOSYURUI1001","TANPOSYURUI",1,"1001","協会/一般 京都","協会／一般　京都"
"TANPOSYURUI1002","TANPOSYURUI",2,"1002","協会/売掛金 90% 京都","協会／売掛金　９０％　京都"
"TANPOSYURUI1003","TANPOSYURUI",3,"1003","協会/一般 大阪","協会／一般　大阪（保証番号９ｘｘｘｘｘｘｘ）"
"TANPOSYURUI1004","TANPOSYURUI",4,"1004","協会/一般 滋賀","協会／一般　滋賀（保証番号８ｘｘｘｘｘｘｘ）"
"TANPOSYURUI1005","TANPOSYURUI",5,"1005","協会/流用 京都","協会／流用　京都"
"TANPOSYURUI1006","TANPOSYURUI",6,"1006","協会/流用 大阪","協会／流用　大阪"
"TANPOSYURUI1007","TANPOSYURUI",7,"1007","協会/流用 滋賀","協会／流用　滋賀"
"TANPOSYURUI1008","TANPOSYURUI",8,"1008","協会/一般80% 京都","協会／一般　８０％保証　京都"
"TANPOSYURUI1009","TANPOSYURUI",9,"1009","協会/一般90% 京都","協会／一般　９０％保証　京都"
"TANPOSYURUI1010","TANPOSYURUI",10,"1010","協会/一般93.3% 京都","協会／一般　９３．３％保証　京都"
"TANPOSYURUI1011","TANPOSYURUI",11,"1011","協会/流用80% 京都","協会／流用　８０％保証　京都"
"TANPOSYURUI1012","TANPOSYURUI",12,"1012","協会/流用90% 京都","協会／流用　９０％保証　京都"
"TANPOSYURUI1013","TANPOSYURUI",13,"1013","協会/流用93.3% 京都","協会／流用　９３．３％保証　京都"
"TANPOSYURUI1014","TANPOSYURUI",14,"1014","協会/一般80% 大阪","協会／一般　８０％保証　大阪"
"TANPOSYURUI1015","TANPOSYURUI",15,"1015","協会/一般80% 滋賀","協会／一般　８０％保証　滋賀"
"TANPOSYURUI1016","TANPOSYURUI",16,"1016","協会/流用80% 大阪","協会／流用　８０％保証　大阪"
"TANPOSYURUI1017","TANPOSYURUI",17,"1017","協会/流用80% 滋賀","協会／流用　８０％保証　滋賀"
"TANPOSYURUI1018","TANPOSYURUI",18,"1018","協会/条変無担 京都","協会／条変無担 京都"
"TANPOSYURUI1019","TANPOSYURUI",19,"1019","協会/条変有担 京都","協会／条変有担 京都"
"TANPOSYURUI1020","TANPOSYURUI",20,"1020","協会/条変無担 大阪","協会／条変無担 大阪"
"TANPOSYURUI1021","TANPOSYURUI",21,"1021","協会/条変有担 大阪","協会／条変有担 大阪"
"TANPOSYURUI1022","TANPOSYURUI",22,"1022","協会/条変無担 滋賀","協会／条変無担 滋賀"
"TANPOSYURUI1023","TANPOSYURUI",23,"1023","協会/条変有担 滋賀","協会／条変有担 滋賀"
"TANPOSYURUI1024","TANPOSYURUI",24,"1024","協会/一般 奈良","協会/一般 奈良"
"TANPOSYURUI1025","TANPOSYURUI",25,"1025","協会/流用 奈良","協会/流用 奈良"
"TANPOSYURUI1026","TANPOSYURUI",26,"1026","協会/一般80% 奈良","協会/一般80% 奈良"
"TANPOSYURUI1027","TANPOSYURUI",27,"1027","協会/流用80% 奈良","協会/流用80% 奈良"
"TANPOSYURUI2001","TANPOSYURUI",28,"2001","しんきん保証基金","しんきん保証基金"
"TANPOSYURUI2002","TANPOSYURUI",29,"2002","(財)VEC","（財）VEC"
"TANPOSYURUI2003","TANPOSYURUI",30,"2003","大阪府企業振興事業団","大阪府企業振興事業団"
"TANPOSYURUI2005","TANPOSYURUI",31,"2005","(財)VEC","（財）VEC"
"TANPOSYURUI2006","TANPOSYURUI",32,"2006","大阪府企業振興事業団","大阪府企業振興事業団"
"TANPOSYURUI2007","TANPOSYURUI",33,"2007","(独)情報処理推進機構","（独）情報処理推進機構"
"TANPOSYURUI2008","TANPOSYURUI",34,"2008","(社)全国石油協会 90%","（社）全国石油協会　９０％保証"
"TANPOSYURUI2009","TANPOSYURUI",35,"2009","(社)全国石油協会 95%","（社）全国石油協会　９５％保証"
"TANPOSYURUI2010","TANPOSYURUI",36,"2010","中小機構・50％","中小機構・50％"
"TANPOSYURUI4001","TANPOSYURUI",37,"4001","ジャックス","ジャックス"
"TANPOSYURUI4002","TANPOSYURUI",38,"4002","三菱ＵＦＪニコス","三菱ＵＦＪニコス（旧日本信販）"
"TANPOSYURUI4003","TANPOSYURUI",39,"4003","オリコ","オリコ"
"TANPOSYURUI4004","TANPOSYURUI",40,"4004","アプラス","アプラス（旧大信販）"
"TANPOSYURUI4005","TANPOSYURUI",41,"4005","三生信用保証","三生信用保証"
"TANPOSYURUI4006","TANPOSYURUI",42,"4006","ダイヤモンド信用保証","ダイヤモンド信用保証"
"TANPOSYURUI4007","TANPOSYURUI",43,"4007","三菱UFJ ﾛｰﾝﾋﾞｼﾞﾈｽ","三菱UFJ ﾛｰﾝﾋﾞｼﾞﾈｽ"
"TANPOSYURUI4008","TANPOSYURUI",44,"4008","あさひ銀保証","あさひ銀保証"
"TANPOSYURUI4009","TANPOSYURUI",45,"4009","不動産信用保証","不動産信用保証"
"TANPOSYURUI4010","TANPOSYURUI",46,"4010","朝日生命保険","朝日生命保険相互会社"
"TANPOSYURUI4011","TANPOSYURUI",47,"4011","全国不動産信用保証","全国不動産信用保証"
"TANPOSYURUI4012","TANPOSYURUI",48,"4012","近畿しんきんｸﾚｼﾞｯﾄ","近畿しんきんクレジット"
"TANPOSYURUI4013","TANPOSYURUI",49,"4013","三井住友カード","三井住友カード"
"TANPOSYURUI4014","TANPOSYURUI",50,"4014","三井住友カード","三井住友カード"
"TANPOSYURUI4015","TANPOSYURUI",51,"4015","クレディセゾン","クレディセゾン"
"TANPOSYURUI4016","TANPOSYURUI",52,"4016","日立キャピタル","日立キャピタル"
"TANPOSYURUI4017","TANPOSYURUI",53,"4017","大同建設","大同建設"
"TANPOSYURUI4018","TANPOSYURUI",54,"4018","嵯峨野不動産","嵯峨野不動産"
"TANPOSYURUI4019","TANPOSYURUI",55,"4019","積水ハウス","積水ハウス"
"TANPOSYURUI4020","TANPOSYURUI",56,"4020","アールエスティ","アールエスティ"
"TANPOSYURUI4021","TANPOSYURUI",57,"4021","住宅融資保険","住宅融資保険"
"TANPOSYURUI4022","TANPOSYURUI",58,"4022","東京海上日動火災保険","東京海上日動火災保険（旧東京海上火災保険）"
"TANPOSYURUI4023","TANPOSYURUI",59,"4023","東京海上日動火災保険","東京海上日動火災保険（旧日動火災海上保険）"
"TANPOSYURUI4024","TANPOSYURUI",60,"4024","損保ジャパン日本興亜","損害保険ジャパン日本興亜"
"TANPOSYURUI4025","TANPOSYURUI",61,"4025","三井住友海上火災保険","三井住友海上火災保険（旧三井海上火災保険）"
"TANPOSYURUI4026","TANPOSYURUI",62,"4026","三井住友海上火災保険","三井住友海上火災保険（旧住友海上火災保険）"
"TANPOSYURUI4027","TANPOSYURUI",63,"4027","大東京海上火災保険","大東京海上火災保険"
"TANPOSYURUI4028","TANPOSYURUI",64,"4028","日新火災海上保険","日新火災海上保険"
"TANPOSYURUI4029","TANPOSYURUI",65,"4029","三菱ＵＦＪニコス","三菱ＵＦＪニコス（株）"
"TANPOSYURUI4030","TANPOSYURUI",66,"4030","三井住友カード","三井住友カード株式会社"
"TANPOSYURUI4031","TANPOSYURUI",67,"4031","三菱ＵＦＪ銀行","三菱ＵＦＪ銀行"
"TANPOSYURUI4032","TANPOSYURUI",68,"4032","オリックス","オリックス"
"TANPOSYURUI4033","TANPOSYURUI",69,"4033","ライフカード","ライフカード"
"TANPOSYURUI4034","TANPOSYURUI",70,"4034","セゾンファンデックス","セゾンファンデックス"
"TANPOSYURUI4040","TANPOSYURUI",71,"4040","信金ギャランティ","信金ギャランティ"
"TANPOSYURUI4048","TANPOSYURUI",72,"4048","三井住友カード","三井住友カード"
"TANPOSYURUI4049","TANPOSYURUI",73,"4049","全国保証","全国保証"
"TANPOSYURUI4050","TANPOSYURUI",74,"4050","中信ローン保証","中信ローン保証"
"TANPOSYURUI5019","TANPOSYURUI",75,"5019","教育資金保証基金","教育資金保証基金"
"TANPOSYURUI5020","TANPOSYURUI",76,"5020","農林漁業信用基金","農林漁業信用基金"
"TANPOSYURUI9001","TANPOSYURUI",77,"9001","イセキ農業機械","イセキ農業機械"
"TANPOSYURUI9002","TANPOSYURUI",78,"9002","日東ライフ（株）","日東ライフ（株）"
"TANPOSYURUI9003","TANPOSYURUI",79,"9003","上田三笑堂","上田三笑堂"
"TANPOSYURUI9004","TANPOSYURUI",80,"9004","進々堂製パン","進々堂製パン"
"TANPOSYURUI9005","TANPOSYURUI",81,"9005","村田機械","村田機械"
"TANPOSYURUI9006","TANPOSYURUI",82,"9006","京都府石材業協同組合","京都府石材業協同組合"
"TANPOSYURUI9007","TANPOSYURUI",83,"9007","信和開発・信和ゴルフ","信和開発・信和ゴルフ"
"TANPOSYURUI9008","TANPOSYURUI",84,"9008","タカラベルモント","タカラベルモント"
"TANPOSYURUI9010","TANPOSYURUI",85,"9010","移行未登録","移行未登録"
"TANPOSYURUI9999","TANPOSYURUI",86,"9999","その他","その他"
"TANPOTEGATA1","TANPOTEGATA",1,"1","割引手形","割引手形"
"TANPOTEGATA2","TANPOTEGATA",2,"2","担保手形","担保手形"
"TOKUTEIHENDOU11","TOKUTEIHENDOU1",1,"1","決済確実な割引手形","決済確実な割引手形"
"TOKUTEIHENDOU12","TOKUTEIHENDOU1",2,"2","特定返済財源","特定返済財源で回収確実"
"TOKUTEIHENDOU13","TOKUTEIHENDOU1",3,"3","正常な運転資金","正常な運転資金"
"TOKUTEIHENDOU14","TOKUTEIHENDOU1",4,"4","共益債権等","共益債権等"
"TOKUTEIHENDOU15","TOKUTEIHENDOU1",5,"5","その他","その他"
"TOKUTEIHENDOU21","TOKUTEIHENDOU2",1,"1","決済懸念割引手形","決済懸念割引手形(不渡、融手)"
"TOKUTEIHENDOU22","TOKUTEIHENDOU2",2,"2","問題債権特定","問題債権特定"
"TOKUTEIHENDOU23","TOKUTEIHENDOU2",3,"3","清算配当等","清算配当等による回収可能"
"TOKUTEIHENDOU24","TOKUTEIHENDOU2",4,"4","共益債権等","共益債権等"
"TOKUTEIHENDOU25","TOKUTEIHENDOU2",5,"5","その他","その他"
"TOKUTEIHENDOU31","TOKUTEIHENDOU3",1,"1","その他","その他"
"TOKUTEIHENDOU41","TOKUTEIHENDOU4",1,"1","切捨債権","切捨債権"
"TOKUTEIHENDOU42","TOKUTEIHENDOU4",2,"2","その他","その他"
"TOKUTEIKOTEI11","TOKUTEIKOTEI1",1,"1","出資金回収予定額","出資金回収予定額"
"TOKUTEIKOTEI13","TOKUTEIKOTEI1",3,"3","特定返済財源","特定返済財源で回収確実"
"TOKUTEIKOTEI14","TOKUTEIKOTEI1",4,"4","正常な運転資金","正常な運転資金"
"TOKUTEIKOTEI15","TOKUTEIKOTEI1",5,"5","共益債権等","共益債権等"
"TOKUTEIKOTEI16","TOKUTEIKOTEI1",6,"6","その他","その他"
"TOKUTEIKOTEI21","TOKUTEIKOTEI2",1,"1","決済懸念割引手形","決済懸念割引手形(不渡、融手)"
"TOKUTEIKOTEI22","TOKUTEIKOTEI2",2,"2","問題債権特定","問題債権特定"
"TOKUTEIKOTEI23","TOKUTEIKOTEI2",3,"3","清算配当等","清算配当等による回収可能"
"TOKUTEIKOTEI24","TOKUTEIKOTEI2",4,"4","共益債権等","共益債権等"
"TOKUTEIKOTEI25","TOKUTEIKOTEI2",5,"5","その他","その他"
"TOKUTEIKOTEI31","TOKUTEIKOTEI3",1,"1","その他","その他"
"TOKUTEIKOTEI41","TOKUTEIKOTEI4",1,"1","切捨債権","切捨債権"
"TOKUTEIKOTEI42","TOKUTEIKOTEI4",2,"2","その他","その他"
"UMU_AT_LSTSRCH0","UMU_AT_LSTSRCH",2,"0","無","一覧検索時に有無条件を選択するためのドロップダウンリスト用"
"UMU_AT_LSTSRCH1","UMU_AT_LSTSRCH",1,"1","有","一覧検索時に有無条件を選択するためのドロップダウンリスト用"
"YOUTOTIIKI01","YOUTOTIIKI",1,"01","一種低層住居専用","第一種低層住居専用地域"
"YOUTOTIIKI02","YOUTOTIIKI",2,"02","二種低層住居専用","第二種低層住居専用地域"
"YOUTOTIIKI03","YOUTOTIIKI",3,"03","一種中高層住居専用","第一種中高層住居専用地域"
"YOUTOTIIKI04","YOUTOTIIKI",4,"04","二種中高層住居専用","第二種中高層住居専用地域"
"YOUTOTIIKI05","YOUTOTIIKI",5,"05","一種住居","第一種住居地域"
"YOUTOTIIKI06","YOUTOTIIKI",6,"06","二種住居","第二種住居地域"
"YOUTOTIIKI07","YOUTOTIIKI",7,"07","準住居","準住居地域"
"YOUTOTIIKI08","YOUTOTIIKI",8,"08","近隣商業","近隣商業地域"
"YOUTOTIIKI09","YOUTOTIIKI",9,"09","商業","商業地域"
"YOUTOTIIKI10","YOUTOTIIKI",10,"10","準工業","準工業地域"
"YOUTOTIIKI11","YOUTOTIIKI",11,"11","工業","工業地域"
"YOUTOTIIKI12","YOUTOTIIKI",12,"12","工業専用","工業専用地域"
"YOUTOTIIKI99","YOUTOTIIKI",99,"99","その他","その他の地域"
